banco_origem,dia,hora,dia_semana,valor,valor_acumulado_ate_hora,dias_desde_ultimo_batimento,faixa_batimento
COBwebRCBAUTOS,2026-03-06,8,6,10712.42,10712.42,105,basal
COBwebRCBAUTOS,2026-03-06,9,6,330.0,11042.42,105,basal
COBwebRCBAUTOS,2026-03-06,10,6,3465.0,14507.42,105,basal
COBwebRCBAUTOS,2026-03-06,11,6,358.29,14865.71,105,basal
COBwebRCBAUTOS,2026-03-06,12,6,6600.05,21465.76,105,basal
COBwebRCBAUTOS,2026-03-06,13,6,10500.0,31965.76,105,basal
COBwebRCBAUTOS,2026-03-06,14,6,1836.93,33802.69,105,basal
COBwebRCBAUTOS,2026-03-06,15,6,10828.89,44631.58,105,basal
COBwebRCBAUTOS,2026-03-06,16,6,405.78,45037.36,105,basal
COBwebRCBAUTOS,2026-03-06,17,6,7091.19,52128.55,105,basal
COBwebRCBAUTOS,2026-03-06,18,6,0.0,52128.55,105,basal
COBwebRCBAUTOS,2026-03-06,19,6,0.0,52128.55,105,basal
COBwebRCBAUTOS,2026-03-09,8,2,1500.06,1500.06,108,basal
COBwebRCBAUTOS,2026-03-09,9,2,4042.22,5542.28,108,basal
COBwebRCBAUTOS,2026-03-09,10,2,169.29,5711.57,108,basal
COBwebRCBAUTOS,2026-03-09,11,2,0.0,5711.57,108,basal
COBwebRCBAUTOS,2026-03-09,12,2,0.0,5711.57,108,basal
COBwebRCBAUTOS,2026-03-09,13,2,3642.03,9353.6,108,basal
COBwebRCBAUTOS,2026-03-09,14,2,16829.28,26182.88,108,basal
COBwebRCBAUTOS,2026-03-09,15,2,0.0,26182.88,108,basal
COBwebRCBAUTOS,2026-03-09,16,2,200.0,26382.88,108,basal
COBwebRCBAUTOS,2026-03-09,17,2,280.5,26663.38,108,basal
COBwebRCBAUTOS,2026-03-09,18,2,0.0,26663.38,108,basal
COBwebRCBAUTOS,2026-03-09,19,2,0.0,26663.38,108,basal
COBwebRCBAUTOS,2026-03-10,8,3,0.0,0.0,109,basal
COBwebRCBAUTOS,2026-03-10,9,3,220.0,220.0,109,basal
COBwebRCBAUTOS,2026-03-10,10,3,3113.3,3333.3,109,basal
COBwebRCBAUTOS,2026-03-10,11,3,16261.88,19595.18,109,basal
COBwebRCBAUTOS,2026-03-10,12,3,300.0,19895.18,109,basal
COBwebRCBAUTOS,2026-03-10,13,3,6532.16,26427.34,109,basal
COBwebRCBAUTOS,2026-03-10,14,3,15238.31,41665.65,109,basal
COBwebRCBAUTOS,2026-03-10,15,3,0.0,41665.65,109,basal
COBwebRCBAUTOS,2026-03-10,16,3,0.0,41665.65,109,basal
COBwebRCBAUTOS,2026-03-10,17,3,14303.31,55968.96,109,basal
COBwebRCBAUTOS,2026-03-10,18,3,0.0,55968.96,109,basal
COBwebRCBAUTOS,2026-03-10,19,3,0.0,55968.96,109,basal
COBwebRCBAUTOS,2026-03-11,8,4,372.75,372.75,110,basal
COBwebRCBAUTOS,2026-03-11,9,4,692.48,1065.23,110,basal
COBwebRCBAUTOS,2026-03-11,10,4,280.0,1345.23,110,basal
COBwebRCBAUTOS,2026-03-11,11,4,15754.0,17099.23,110,basal
COBwebRCBAUTOS,2026-03-11,12,4,12450.0,29549.23,110,basal
COBwebRCBAUTOS,2026-03-11,13,4,6689.57,36238.8,110,basal
COBwebRCBAUTOS,2026-03-11,14,4,2463.83,38702.63,110,basal
COBwebRCBAUTOS,2026-03-11,15,4,10585.32,49287.95,110,basal
COBwebRCBAUTOS,2026-03-11,16,4,5355.79,54643.74,110,basal
COBwebRCBAUTOS,2026-03-11,17,4,864.41,55508.15,110,basal
COBwebRCBAUTOS,2026-03-11,18,4,0.0,55508.15,110,basal
COBwebRCBAUTOS,2026-03-11,19,4,0.0,55508.15,110,basal
COBwebRCBAUTOS,2026-03-12,8,5,1010.51,1010.51,111,basal
COBwebRCBAUTOS,2026-03-12,9,5,550.0,1560.51,111,basal
COBwebRCBAUTOS,2026-03-12,10,5,184.0,1744.51,111,basal
COBwebRCBAUTOS,2026-03-12,11,5,396.85,2141.36,111,basal
COBwebRCBAUTOS,2026-03-12,12,5,0.0,2141.36,111,basal
COBwebRCBAUTOS,2026-03-12,13,5,1072.38,3213.74,111,basal
COBwebRCBAUTOS,2026-03-12,14,5,7197.77,10411.51,111,basal
COBwebRCBAUTOS,2026-03-12,15,5,4087.27,14498.78,111,basal
COBwebRCBAUTOS,2026-03-12,16,5,0.0,14498.78,111,basal
COBwebRCBAUTOS,2026-03-12,17,5,6500.0,20998.78,111,basal
COBwebRCBAUTOS,2026-03-12,18,5,0.0,20998.78,111,basal
COBwebRCBAUTOS,2026-03-12,19,5,0.0,20998.78,111,basal
COBwebRCBAUTOS,2026-03-13,8,6,520.0,520.0,112,basal
COBwebRCBAUTOS,2026-03-13,9,6,107.8,627.8,112,basal
COBwebRCBAUTOS,2026-03-13,10,6,3235.19,3862.99,112,basal
COBwebRCBAUTOS,2026-03-13,11,6,7459.0,11321.99,112,basal
COBwebRCBAUTOS,2026-03-13,12,6,3676.21,14998.2,112,basal
COBwebRCBAUTOS,2026-03-13,13,6,3488.94,18487.14,112,basal
COBwebRCBAUTOS,2026-03-13,14,6,817.68,19304.82,112,basal
COBwebRCBAUTOS,2026-03-13,15,6,5255.25,24560.07,112,basal
COBwebRCBAUTOS,2026-03-13,16,6,987.88,25547.95,112,basal
COBwebRCBAUTOS,2026-03-13,17,6,617.03,26164.98,112,basal
COBwebRCBAUTOS,2026-03-13,18,6,0.0,26164.98,112,basal
COBwebRCBAUTOS,2026-03-13,19,6,0.0,26164.98,112,basal
COBwebRCBAUTOS,2026-03-16,8,2,7386.75,7386.75,115,basal
COBwebRCBAUTOS,2026-03-16,9,2,674.5,8061.25,115,basal
COBwebRCBAUTOS,2026-03-16,10,2,2113.29,10174.54,115,basal
COBwebRCBAUTOS,2026-03-16,11,2,6178.14,16352.68,115,basal
COBwebRCBAUTOS,2026-03-16,12,2,0.0,16352.68,115,basal
COBwebRCBAUTOS,2026-03-16,13,2,1523.19,17875.87,115,basal
COBwebRCBAUTOS,2026-03-16,14,2,227.72,18103.59,115,basal
COBwebRCBAUTOS,2026-03-16,15,2,0.0,18103.59,115,basal
COBwebRCBAUTOS,2026-03-16,16,2,0.0,18103.59,115,basal
COBwebRCBAUTOS,2026-03-16,17,2,0.0,18103.59,115,basal
COBwebRCBAUTOS,2026-03-16,18,2,0.0,18103.59,115,basal
COBwebRCBAUTOS,2026-03-16,19,2,0.0,18103.59,115,basal
COBwebRCBAUTOS,2026-03-17,8,3,0.0,0.0,116,basal
COBwebRCBAUTOS,2026-03-17,9,3,225.0,225.0,116,basal
COBwebRCBAUTOS,2026-03-17,10,3,0.0,225.0,116,basal
COBwebRCBAUTOS,2026-03-17,11,3,950.0,1175.0,116,basal
COBwebRCBAUTOS,2026-03-17,12,3,0.0,1175.0,116,basal
COBwebRCBAUTOS,2026-03-17,13,3,7251.99,8426.99,116,basal
COBwebRCBAUTOS,2026-03-17,14,3,1438.92,9865.91,116,basal
COBwebRCBAUTOS,2026-03-17,15,3,500.0,10365.91,116,basal
COBwebRCBAUTOS,2026-03-17,16,3,0.0,10365.91,116,basal
COBwebRCBAUTOS,2026-03-17,17,3,0.0,10365.91,116,basal
COBwebRCBAUTOS,2026-03-17,18,3,0.0,10365.91,116,basal
COBwebRCBAUTOS,2026-03-17,19,3,0.0,10365.91,116,basal
COBwebRCBAUTOS,2026-03-18,8,4,0.0,0.0,117,basal
COBwebRCBAUTOS,2026-03-18,9,4,1840.0,1840.0,117,basal
COBwebRCBAUTOS,2026-03-18,10,4,885.0,2725.0,117,basal
COBwebRCBAUTOS,2026-03-18,11,4,2622.05,5347.05,117,basal
COBwebRCBAUTOS,2026-03-18,12,4,354.84,5701.89,117,basal
COBwebRCBAUTOS,2026-03-18,13,4,0.0,5701.89,117,basal
COBwebRCBAUTOS,2026-03-18,14,4,6432.77,12134.66,117,basal
COBwebRCBAUTOS,2026-03-18,15,4,1982.56,14117.22,117,basal
COBwebRCBAUTOS,2026-03-18,16,4,0.0,14117.22,117,basal
COBwebRCBAUTOS,2026-03-18,17,4,0.0,14117.22,117,basal
COBwebRCBAUTOS,2026-03-18,18,4,12600.0,26717.22,117,basal
COBwebRCBAUTOS,2026-03-18,19,4,0.0,26717.22,117,basal
COBwebRCBAUTOS,2026-03-19,8,5,8806.98,8806.98,118,basal
COBwebRCBAUTOS,2026-03-19,9,5,550.0,9356.98,118,basal
COBwebRCBAUTOS,2026-03-19,10,5,417.73,9774.71,118,basal
COBwebRCBAUTOS,2026-03-19,11,5,4835.67,14610.38,118,basal
COBwebRCBAUTOS,2026-03-19,12,5,0.0,14610.38,118,basal
COBwebRCBAUTOS,2026-03-19,13,5,5120.0,19730.38,118,basal
COBwebRCBAUTOS,2026-03-19,14,5,433.56,20163.94,118,basal
COBwebRCBAUTOS,2026-03-19,15,5,117.1,20281.04,118,basal
COBwebRCBAUTOS,2026-03-19,16,5,526.15,20807.19,118,basal
COBwebRCBAUTOS,2026-03-19,17,5,950.0,21757.19,118,basal
COBwebRCBAUTOS,2026-03-19,18,5,0.0,21757.19,118,basal
COBwebRCBAUTOS,2026-03-19,19,5,0.0,21757.19,118,basal
COBwebRCBAUTOS,2026-03-20,8,6,3570.0,3570.0,119,basal
COBwebRCBAUTOS,2026-03-20,9,6,2343.47,5913.47,119,basal
COBwebRCBAUTOS,2026-03-20,10,6,1022.58,6936.05,119,basal
COBwebRCBAUTOS,2026-03-20,11,6,600.58,7536.63,119,basal
COBwebRCBAUTOS,2026-03-20,12,6,0.0,7536.63,119,basal
COBwebRCBAUTOS,2026-03-20,13,6,0.0,7536.63,119,basal
COBwebRCBAUTOS,2026-03-20,14,6,655.67,8192.3,119,basal
COBwebRCBAUTOS,2026-03-20,15,6,1020.0,9212.3,119,basal
COBwebRCBAUTOS,2026-03-20,16,6,220.0,9432.3,119,basal
COBwebRCBAUTOS,2026-03-20,17,6,500.0,9932.3,119,basal
COBwebRCBAUTOS,2026-03-20,18,6,0.0,9932.3,119,basal
COBwebRCBAUTOS,2026-03-20,19,6,0.0,9932.3,119,basal
COBwebRCBAUTOS,2026-03-23,8,2,5465.36,5465.36,122,basal
COBwebRCBAUTOS,2026-03-23,9,2,1386.0,6851.36,122,basal
COBwebRCBAUTOS,2026-03-23,10,2,0.0,6851.36,122,basal
COBwebRCBAUTOS,2026-03-23,11,2,0.0,6851.36,122,basal
COBwebRCBAUTOS,2026-03-23,12,2,850.0,7701.36,122,basal
COBwebRCBAUTOS,2026-03-23,13,2,4385.96,12087.32,122,basal
COBwebRCBAUTOS,2026-03-23,14,2,7054.75,19142.07,122,basal
COBwebRCBAUTOS,2026-03-23,15,2,1656.16,20798.23,122,basal
COBwebRCBAUTOS,2026-03-23,16,2,0.0,20798.23,122,basal
COBwebRCBAUTOS,2026-03-23,17,2,0.0,20798.23,122,basal
COBwebRCBAUTOS,2026-03-23,18,2,0.0,20798.23,122,basal
COBwebRCBAUTOS,2026-03-23,19,2,0.0,20798.23,122,basal
COBwebRCBAUTOS,2026-03-24,8,3,560.0,560.0,123,basal
COBwebRCBAUTOS,2026-03-24,9,3,300.0,860.0,123,basal
COBwebRCBAUTOS,2026-03-24,10,3,1945.62,2805.62,123,basal
COBwebRCBAUTOS,2026-03-24,11,3,4155.35,6960.97,123,basal
COBwebRCBAUTOS,2026-03-24,12,3,0.0,6960.97,123,basal
COBwebRCBAUTOS,2026-03-24,13,3,7728.0,14688.97,123,basal
COBwebRCBAUTOS,2026-03-24,14,3,182.0,14870.97,123,basal
COBwebRCBAUTOS,2026-03-24,15,3,1819.4,16690.37,123,basal
COBwebRCBAUTOS,2026-03-24,16,3,616.27,17306.64,123,basal
COBwebRCBAUTOS,2026-03-24,17,3,0.0,17306.64,123,basal
COBwebRCBAUTOS,2026-03-24,18,3,0.0,17306.64,123,basal
COBwebRCBAUTOS,2026-03-24,19,3,0.0,17306.64,123,basal
COBwebRCBAUTOS,2026-03-25,8,4,0.0,0.0,124,basal
COBwebRCBAUTOS,2026-03-25,9,4,251.9,251.9,124,basal
COBwebRCBAUTOS,2026-03-25,10,4,20042.75,20294.65,124,basal
COBwebRCBAUTOS,2026-03-25,11,4,5296.0,25590.65,124,basal
COBwebRCBAUTOS,2026-03-25,12,4,562.0,26152.65,124,basal
COBwebRCBAUTOS,2026-03-25,13,4,2966.85,29119.5,124,basal
COBwebRCBAUTOS,2026-03-25,14,4,500.0,29619.5,124,basal
COBwebRCBAUTOS,2026-03-25,15,4,13636.9,43256.4,124,basal
COBwebRCBAUTOS,2026-03-25,16,4,0.0,43256.4,124,basal
COBwebRCBAUTOS,2026-03-25,17,4,0.0,43256.4,124,basal
COBwebRCBAUTOS,2026-03-25,18,4,0.0,43256.4,124,basal
COBwebRCBAUTOS,2026-03-25,19,4,0.0,43256.4,124,basal
COBwebRCBAUTOS,2026-03-26,8,5,0.0,0.0,125,basal
COBwebRCBAUTOS,2026-03-26,9,5,906.12,906.12,125,basal
COBwebRCBAUTOS,2026-03-26,10,5,1348.0,2254.12,125,basal
COBwebRCBAUTOS,2026-03-26,11,5,2024.88,4279.0,125,basal
COBwebRCBAUTOS,2026-03-26,12,5,15390.47,19669.47,125,basal
COBwebRCBAUTOS,2026-03-26,13,5,1991.77,21661.24,125,basal
COBwebRCBAUTOS,2026-03-26,14,5,190.04,21851.28,125,basal
COBwebRCBAUTOS,2026-03-26,15,5,10240.41,32091.69,125,basal
COBwebRCBAUTOS,2026-03-26,16,5,0.0,32091.69,125,basal
COBwebRCBAUTOS,2026-03-26,17,5,0.0,32091.69,125,basal
COBwebRCBAUTOS,2026-03-26,18,5,0.0,32091.69,125,basal
COBwebRCBAUTOS,2026-03-26,19,5,0.0,32091.69,125,basal
COBwebRCBAUTOS,2026-03-27,8,6,220.0,220.0,126,basal
COBwebRCBAUTOS,2026-03-27,9,6,2210.0,2430.0,126,basal
COBwebRCBAUTOS,2026-03-27,10,6,1104.43,3534.43,126,basal
COBwebRCBAUTOS,2026-03-27,11,6,3834.34,7368.77,126,basal
COBwebRCBAUTOS,2026-03-27,12,6,0.0,7368.77,126,basal
COBwebRCBAUTOS,2026-03-27,13,6,8675.84,16044.61,126,basal
COBwebRCBAUTOS,2026-03-27,14,6,500.0,16544.61,126,basal
COBwebRCBAUTOS,2026-03-27,15,6,28000.0,44544.61,126,basal
COBwebRCBAUTOS,2026-03-27,16,6,0.0,44544.61,126,basal
COBwebRCBAUTOS,2026-03-27,17,6,2500.12,47044.73,126,basal
COBwebRCBAUTOS,2026-03-27,18,6,0.0,47044.73,126,basal
COBwebRCBAUTOS,2026-03-27,19,6,0.0,47044.73,126,basal
COBwebRCBAUTOS,2026-03-30,8,2,60860.25,60860.25,129,basal
COBwebRCBAUTOS,2026-03-30,9,2,46116.83,106977.08,129,basal
COBwebRCBAUTOS,2026-03-30,10,2,65756.37,172733.45,129,basal
COBwebRCBAUTOS,2026-03-30,11,2,14736.87,187470.32,129,basal
COBwebRCBAUTOS,2026-03-30,12,2,26949.75,214420.07,129,basal
COBwebRCBAUTOS,2026-03-30,13,2,73053.92,287473.99,129,basal
COBwebRCBAUTOS,2026-03-30,14,2,16779.78,304253.77,129,basal
COBwebRCBAUTOS,2026-03-30,15,2,1596.0,305849.77,129,basal
COBwebRCBAUTOS,2026-03-30,16,2,150.0,305999.77,129,basal
COBwebRCBAUTOS,2026-03-30,17,2,0.0,305999.77,129,basal
COBwebRCBAUTOS,2026-03-30,18,2,0.0,305999.77,129,basal
COBwebRCBAUTOS,2026-03-30,19,2,0.0,305999.77,129,basal
COBwebRCBAUTOS,2026-03-31,8,3,0.0,0.0,130,basal
COBwebRCBAUTOS,2026-03-31,9,3,5170.85,5170.85,130,basal
COBwebRCBAUTOS,2026-03-31,10,3,8004.41,13175.26,130,basal
COBwebRCBAUTOS,2026-03-31,11,3,1661.0,14836.26,130,basal
COBwebRCBAUTOS,2026-03-31,12,3,7000.0,21836.26,130,basal
COBwebRCBAUTOS,2026-03-31,13,3,547.74,22384.0,130,basal
COBwebRCBAUTOS,2026-03-31,14,3,1262.78,23646.78,130,basal
COBwebRCBAUTOS,2026-03-31,15,3,983.51,24630.29,130,basal
COBwebRCBAUTOS,2026-03-31,16,3,0.0,24630.29,130,basal
COBwebRCBAUTOS,2026-03-31,17,3,0.0,24630.29,130,basal
COBwebRCBAUTOS,2026-03-31,18,3,0.0,24630.29,130,basal
COBwebRCBAUTOS,2026-03-31,19,3,0.0,24630.29,130,basal
COBwebRCBAUTOS,2026-04-01,8,4,120.0,120.0,131,basal
COBwebRCBAUTOS,2026-04-01,9,4,20700.0,20820.0,131,basal
COBwebRCBAUTOS,2026-04-01,10,4,350.0,21170.0,131,basal
COBwebRCBAUTOS,2026-04-01,11,4,826.71,21996.71,131,basal
COBwebRCBAUTOS,2026-04-01,12,4,321.16,22317.87,131,basal
COBwebRCBAUTOS,2026-04-01,13,4,1727.29,24045.16,131,basal
COBwebRCBAUTOS,2026-04-01,14,4,7923.27,31968.43,131,basal
COBwebRCBAUTOS,2026-04-01,15,4,1342.52,33310.95,131,basal
COBwebRCBAUTOS,2026-04-01,16,4,0.0,33310.95,131,basal
COBwebRCBAUTOS,2026-04-01,17,4,0.0,33310.95,131,basal
COBwebRCBAUTOS,2026-04-01,18,4,0.0,33310.95,131,basal
COBwebRCBAUTOS,2026-04-01,19,4,0.0,33310.95,131,basal
COBwebRCBAUTOS,2026-04-02,8,5,0.0,0.0,132,basal
COBwebRCBAUTOS,2026-04-02,9,5,1665.85,1665.85,132,basal
COBwebRCBAUTOS,2026-04-02,10,5,11573.2,13239.05,132,basal
COBwebRCBAUTOS,2026-04-02,11,5,3000.0,16239.05,132,basal
COBwebRCBAUTOS,2026-04-02,12,5,150.45,16389.5,132,basal
COBwebRCBAUTOS,2026-04-02,13,5,0.0,16389.5,132,basal
COBwebRCBAUTOS,2026-04-02,14,5,250.0,16639.5,132,basal
COBwebRCBAUTOS,2026-04-02,15,5,2110.0,18749.5,132,basal
COBwebRCBAUTOS,2026-04-02,16,5,0.0,18749.5,132,basal
COBwebRCBAUTOS,2026-04-02,17,5,960.0,19709.5,132,basal
COBwebRCBAUTOS,2026-04-02,18,5,0.0,19709.5,132,basal
COBwebRCBAUTOS,2026-04-02,19,5,0.0,19709.5,132,basal
COBwebRCBAUTOS,2026-04-03,8,6,0.0,0.0,133,basal
COBwebRCBAUTOS,2026-04-03,9,6,0.0,0.0,133,basal
COBwebRCBAUTOS,2026-04-03,10,6,0.0,0.0,133,basal
COBwebRCBAUTOS,2026-04-03,11,6,0.0,0.0,133,basal
COBwebRCBAUTOS,2026-04-03,12,6,0.0,0.0,133,basal
COBwebRCBAUTOS,2026-04-03,13,6,0.0,0.0,133,basal
COBwebRCBAUTOS,2026-04-03,14,6,0.0,0.0,133,basal
COBwebRCBAUTOS,2026-04-03,15,6,0.0,0.0,133,basal
COBwebRCBAUTOS,2026-04-03,16,6,0.0,0.0,133,basal
COBwebRCBAUTOS,2026-04-03,17,6,0.0,0.0,133,basal
COBwebRCBAUTOS,2026-04-03,18,6,0.0,0.0,133,basal
COBwebRCBAUTOS,2026-04-03,19,6,0.0,0.0,133,basal
COBwebRCBAUTOS,2026-04-06,8,2,240.0,240.0,136,basal
COBwebRCBAUTOS,2026-04-06,9,2,0.0,240.0,136,basal
COBwebRCBAUTOS,2026-04-06,10,2,0.0,240.0,136,basal
COBwebRCBAUTOS,2026-04-06,11,2,0.0,240.0,136,basal
COBwebRCBAUTOS,2026-04-06,12,2,0.0,240.0,136,basal
COBwebRCBAUTOS,2026-04-06,13,2,416.22,656.22,136,basal
COBwebRCBAUTOS,2026-04-06,14,2,210.45,866.67,136,basal
COBwebRCBAUTOS,2026-04-06,15,2,584.67,1451.34,136,basal
COBwebRCBAUTOS,2026-04-06,16,2,250.0,1701.34,136,basal
COBwebRCBAUTOS,2026-04-06,17,2,0.0,1701.34,136,basal
COBwebRCBAUTOS,2026-04-06,18,2,0.0,1701.34,136,basal
COBwebRCBAUTOS,2026-04-06,19,2,0.0,1701.34,136,basal
COBwebRCBAUTOS,2026-04-07,8,3,380.0,380.0,137,basal
COBwebRCBAUTOS,2026-04-07,9,3,247.87,627.87,137,basal
COBwebRCBAUTOS,2026-04-07,10,3,5160.65,5788.52,137,basal
COBwebRCBAUTOS,2026-04-07,11,3,1367.84,7156.36,137,basal
COBwebRCBAUTOS,2026-04-07,12,3,300.0,7456.36,137,basal
COBwebRCBAUTOS,2026-04-07,13,3,1279.0,8735.36,137,basal
COBwebRCBAUTOS,2026-04-07,14,3,612.04,9347.4,137,basal
COBwebRCBAUTOS,2026-04-07,15,3,4750.03,14097.43,137,basal
COBwebRCBAUTOS,2026-04-07,16,3,300.0,14397.43,137,basal
COBwebRCBAUTOS,2026-04-07,17,3,0.0,14397.43,137,basal
COBwebRCBAUTOS,2026-04-07,18,3,0.0,14397.43,137,basal
COBwebRCBAUTOS,2026-04-07,19,3,0.0,14397.43,137,basal
COBwebRCBAUTOS,2026-04-08,8,4,0.0,0.0,138,basal
COBwebRCBAUTOS,2026-04-08,9,4,300.0,300.0,138,basal
COBwebRCBAUTOS,2026-04-08,10,4,1048.75,1348.75,138,basal
COBwebRCBAUTOS,2026-04-08,11,4,355.18,1703.93,138,basal
COBwebRCBAUTOS,2026-04-08,12,4,1133.4,2837.33,138,basal
COBwebRCBAUTOS,2026-04-08,13,4,440.0,3277.33,138,basal
COBwebRCBAUTOS,2026-04-08,14,4,661.0,3938.33,138,basal
COBwebRCBAUTOS,2026-04-08,15,4,1909.94,5848.27,138,basal
COBwebRCBAUTOS,2026-04-08,16,4,4200.1,10048.37,138,basal
COBwebRCBAUTOS,2026-04-08,17,4,1357.15,11405.52,138,basal
COBwebRCBAUTOS,2026-04-08,18,4,0.0,11405.52,138,basal
COBwebRCBAUTOS,2026-04-08,19,4,0.0,11405.52,138,basal
COBwebRCBAUTOS,2026-04-09,8,5,1263.06,1263.06,139,basal
COBwebRCBAUTOS,2026-04-09,9,5,2084.68,3347.74,139,basal
COBwebRCBAUTOS,2026-04-09,10,5,738.65,4086.39,139,basal
COBwebRCBAUTOS,2026-04-09,11,5,1908.61,5995.0,139,basal
COBwebRCBAUTOS,2026-04-09,12,5,858.0,6853.0,139,basal
COBwebRCBAUTOS,2026-04-09,13,5,5073.41,11926.41,139,basal
COBwebRCBAUTOS,2026-04-09,14,5,1561.71,13488.12,139,basal
COBwebRCBAUTOS,2026-04-09,15,5,8617.74,22105.86,139,basal
COBwebRCBAUTOS,2026-04-09,16,5,0.0,22105.86,139,basal
COBwebRCBAUTOS,2026-04-09,17,5,371.31,22477.17,139,basal
COBwebRCBAUTOS,2026-04-09,18,5,0.0,22477.17,139,basal
COBwebRCBAUTOS,2026-04-09,19,5,0.0,22477.17,139,basal
COBwebRCBAUTOS,2026-04-10,8,6,0.0,0.0,140,basal
COBwebRCBAUTOS,2026-04-10,9,6,202.15,202.15,140,basal
COBwebRCBAUTOS,2026-04-10,10,6,250.0,452.15,140,basal
COBwebRCBAUTOS,2026-04-10,11,6,1236.0,1688.15,140,basal
COBwebRCBAUTOS,2026-04-10,12,6,1468.46,3156.61,140,basal
COBwebRCBAUTOS,2026-04-10,13,6,1150.0,4306.61,140,basal
COBwebRCBAUTOS,2026-04-10,14,6,2703.63,7010.24,140,basal
COBwebRCBAUTOS,2026-04-10,15,6,4831.29,11841.53,140,basal
COBwebRCBAUTOS,2026-04-10,16,6,5633.74,17475.27,140,basal
COBwebRCBAUTOS,2026-04-10,17,6,0.0,17475.27,140,basal
COBwebRCBAUTOS,2026-04-10,18,6,0.0,17475.27,140,basal
COBwebRCBAUTOS,2026-04-10,19,6,0.0,17475.27,140,basal
COBwebRCBAUTOS,2026-04-13,8,2,0.0,0.0,1,pos_batimento
COBwebRCBAUTOS,2026-04-13,9,2,801.7,801.7,1,pos_batimento
COBwebRCBAUTOS,2026-04-13,10,2,3253.1,4054.8,1,pos_batimento
COBwebRCBAUTOS,2026-04-13,11,2,100.0,4154.8,1,pos_batimento
COBwebRCBAUTOS,2026-04-13,12,2,0.0,4154.8,1,pos_batimento
COBwebRCBAUTOS,2026-04-13,13,2,316.27,4471.07,1,pos_batimento
COBwebRCBAUTOS,2026-04-13,14,2,80.0,4551.07,1,pos_batimento
COBwebRCBAUTOS,2026-04-13,15,2,659.0,5210.07,1,pos_batimento
COBwebRCBAUTOS,2026-04-13,16,2,385.18,5595.25,1,pos_batimento
COBwebRCBAUTOS,2026-04-13,17,2,12000.0,17595.25,1,pos_batimento
COBwebRCBAUTOS,2026-04-13,18,2,0.0,17595.25,1,pos_batimento
COBwebRCBAUTOS,2026-04-13,19,2,0.0,17595.25,1,pos_batimento
COBwebRCBAUTOS,2026-04-14,8,3,855.88,855.88,2,pos_batimento
COBwebRCBAUTOS,2026-04-14,9,3,447.0,1302.88,2,pos_batimento
COBwebRCBAUTOS,2026-04-14,10,3,3737.89,5040.77,2,pos_batimento
COBwebRCBAUTOS,2026-04-14,11,3,3967.02,9007.79,2,pos_batimento
COBwebRCBAUTOS,2026-04-14,12,3,0.0,9007.79,2,pos_batimento
COBwebRCBAUTOS,2026-04-14,13,3,278.25,9286.04,2,pos_batimento
COBwebRCBAUTOS,2026-04-14,14,3,1651.27,10937.31,2,pos_batimento
COBwebRCBAUTOS,2026-04-14,15,3,8169.35,19106.66,2,pos_batimento
COBwebRCBAUTOS,2026-04-14,16,3,390.0,19496.66,2,pos_batimento
COBwebRCBAUTOS,2026-04-14,17,3,4942.05,24438.71,2,pos_batimento
COBwebRCBAUTOS,2026-04-14,18,3,0.0,24438.71,2,pos_batimento
COBwebRCBAUTOS,2026-04-14,19,3,0.0,24438.71,2,pos_batimento
COBwebRCBAUTOS,2026-04-15,8,4,130.9,130.9,3,pos_batimento
COBwebRCBAUTOS,2026-04-15,9,4,168.95,299.85,3,pos_batimento
COBwebRCBAUTOS,2026-04-15,10,4,672.88,972.73,3,pos_batimento
COBwebRCBAUTOS,2026-04-15,11,4,2113.46,3086.19,3,pos_batimento
COBwebRCBAUTOS,2026-04-15,12,4,580.0,3666.19,3,pos_batimento
COBwebRCBAUTOS,2026-04-15,13,4,353.46,4019.65,3,pos_batimento
COBwebRCBAUTOS,2026-04-15,14,4,802.99,4822.64,3,pos_batimento
COBwebRCBAUTOS,2026-04-15,15,4,1057.03,5879.67,3,pos_batimento
COBwebRCBAUTOS,2026-04-15,16,4,0.0,5879.67,3,pos_batimento
COBwebRCBAUTOS,2026-04-15,17,4,0.0,5879.67,3,pos_batimento
COBwebRCBAUTOS,2026-04-15,18,4,0.0,5879.67,3,pos_batimento
COBwebRCBAUTOS,2026-04-15,19,4,0.0,5879.67,3,pos_batimento
COBwebRCBAUTOS,2026-04-16,8,5,0.0,0.0,4,pos_batimento
COBwebRCBAUTOS,2026-04-16,9,5,800.0,800.0,4,pos_batimento
COBwebRCBAUTOS,2026-04-16,10,5,1523.0,2323.0,4,pos_batimento
COBwebRCBAUTOS,2026-04-16,11,5,0.0,2323.0,4,pos_batimento
COBwebRCBAUTOS,2026-04-16,12,5,3500.46,5823.46,4,pos_batimento
COBwebRCBAUTOS,2026-04-16,13,5,10767.28,16590.74,4,pos_batimento
COBwebRCBAUTOS,2026-04-16,14,5,12452.29,29043.03,4,pos_batimento
COBwebRCBAUTOS,2026-04-16,15,5,2850.35,31893.38,4,pos_batimento
COBwebRCBAUTOS,2026-04-16,16,5,0.0,31893.38,4,pos_batimento
COBwebRCBAUTOS,2026-04-16,17,5,300.0,32193.38,4,pos_batimento
COBwebRCBAUTOS,2026-04-16,18,5,0.0,32193.38,4,pos_batimento
COBwebRCBAUTOS,2026-04-16,19,5,0.0,32193.38,4,pos_batimento
COBwebRCBAUTOS,2026-04-17,8,6,0.0,0.0,5,pos_batimento
COBwebRCBAUTOS,2026-04-17,9,6,0.0,0.0,5,pos_batimento
COBwebRCBAUTOS,2026-04-17,10,6,5570.22,5570.22,5,pos_batimento
COBwebRCBAUTOS,2026-04-17,11,6,2485.95,8056.17,5,pos_batimento
COBwebRCBAUTOS,2026-04-17,12,6,8250.0,16306.17,5,pos_batimento
COBwebRCBAUTOS,2026-04-17,13,6,0.0,16306.17,5,pos_batimento
COBwebRCBAUTOS,2026-04-17,14,6,0.0,16306.17,5,pos_batimento
COBwebRCBAUTOS,2026-04-17,15,6,0.0,16306.17,5,pos_batimento
COBwebRCBAUTOS,2026-04-17,16,6,15800.0,32106.17,5,pos_batimento
COBwebRCBAUTOS,2026-04-17,17,6,289.38,32395.55,5,pos_batimento
COBwebRCBAUTOS,2026-04-17,18,6,0.0,32395.55,5,pos_batimento
COBwebRCBAUTOS,2026-04-17,19,6,0.0,32395.55,5,pos_batimento
COBwebRCBAUTOS,2026-04-20,8,2,0.0,0.0,8,absorcao
COBwebRCBAUTOS,2026-04-20,9,2,1536.54,1536.54,8,absorcao
COBwebRCBAUTOS,2026-04-20,10,2,2996.62,4533.16,8,absorcao
COBwebRCBAUTOS,2026-04-20,11,2,2427.57,6960.73,8,absorcao
COBwebRCBAUTOS,2026-04-20,12,2,0.0,6960.73,8,absorcao
COBwebRCBAUTOS,2026-04-20,13,2,375.0,7335.73,8,absorcao
COBwebRCBAUTOS,2026-04-20,14,2,8859.25,16194.98,8,absorcao
COBwebRCBAUTOS,2026-04-20,15,2,0.0,16194.98,8,absorcao
COBwebRCBAUTOS,2026-04-20,16,2,1166.5,17361.48,8,absorcao
COBwebRCBAUTOS,2026-04-20,17,2,350.0,17711.48,8,absorcao
COBwebRCBAUTOS,2026-04-20,18,2,0.0,17711.48,8,absorcao
COBwebRCBAUTOS,2026-04-20,19,2,0.0,17711.48,8,absorcao
COBwebRCBAUTOS,2026-04-21,8,3,0.0,0.0,9,absorcao
COBwebRCBAUTOS,2026-04-21,9,3,0.0,0.0,9,absorcao
COBwebRCBAUTOS,2026-04-21,10,3,0.0,0.0,9,absorcao
COBwebRCBAUTOS,2026-04-21,11,3,0.0,0.0,9,absorcao
COBwebRCBAUTOS,2026-04-21,12,3,0.0,0.0,9,absorcao
COBwebRCBAUTOS,2026-04-21,13,3,0.0,0.0,9,absorcao
COBwebRCBAUTOS,2026-04-21,14,3,0.0,0.0,9,absorcao
COBwebRCBAUTOS,2026-04-21,15,3,0.0,0.0,9,absorcao
COBwebRCBAUTOS,2026-04-21,16,3,0.0,0.0,9,absorcao
COBwebRCBAUTOS,2026-04-21,17,3,0.0,0.0,9,absorcao
COBwebRCBAUTOS,2026-04-21,18,3,0.0,0.0,9,absorcao
COBwebRCBAUTOS,2026-04-21,19,3,0.0,0.0,9,absorcao
COBwebRCBAUTOS,2026-04-22,8,4,0.0,0.0,10,absorcao
COBwebRCBAUTOS,2026-04-22,9,4,0.0,0.0,10,absorcao
COBwebRCBAUTOS,2026-04-22,10,4,425.0,425.0,10,absorcao
COBwebRCBAUTOS,2026-04-22,11,4,4638.29,5063.29,10,absorcao
COBwebRCBAUTOS,2026-04-22,12,4,470.0,5533.29,10,absorcao
COBwebRCBAUTOS,2026-04-22,13,4,457.85,5991.14,10,absorcao
COBwebRCBAUTOS,2026-04-22,14,4,1300.0,7291.14,10,absorcao
COBwebRCBAUTOS,2026-04-22,15,4,150.0,7441.14,10,absorcao
COBwebRCBAUTOS,2026-04-22,16,4,0.0,7441.14,10,absorcao
COBwebRCBAUTOS,2026-04-22,17,4,0.0,7441.14,10,absorcao
COBwebRCBAUTOS,2026-04-22,18,4,0.0,7441.14,10,absorcao
COBwebRCBAUTOS,2026-04-22,19,4,0.0,7441.14,10,absorcao
COBwebRCBAUTOS,2026-04-23,8,5,0.0,0.0,11,absorcao
COBwebRCBAUTOS,2026-04-23,9,5,5988.78,5988.78,11,absorcao
COBwebRCBAUTOS,2026-04-23,10,5,10933.34,16922.12,11,absorcao
COBwebRCBAUTOS,2026-04-23,11,5,1528.49,18450.61,11,absorcao
COBwebRCBAUTOS,2026-04-23,12,5,4369.17,22819.78,11,absorcao
COBwebRCBAUTOS,2026-04-23,13,5,500.0,23319.78,11,absorcao
COBwebRCBAUTOS,2026-04-23,14,5,10563.71,33883.49,11,absorcao
COBwebRCBAUTOS,2026-04-23,15,5,16466.0,50349.49,11,absorcao
COBwebRCBAUTOS,2026-04-23,16,5,13935.25,64284.74,11,absorcao
COBwebRCBAUTOS,2026-04-23,17,5,1603.75,65888.49,11,absorcao
COBwebRCBAUTOS,2026-04-23,18,5,0.0,65888.49,11,absorcao
COBwebRCBAUTOS,2026-04-23,19,5,0.0,65888.49,11,absorcao
COBwebRCBAUTOS,2026-04-24,8,6,300.0,300.0,12,absorcao
COBwebRCBAUTOS,2026-04-24,9,6,0.0,300.0,12,absorcao
COBwebRCBAUTOS,2026-04-24,10,6,6034.0,6334.0,12,absorcao
COBwebRCBAUTOS,2026-04-24,11,6,2982.06,9316.06,12,absorcao
COBwebRCBAUTOS,2026-04-24,12,6,1303.0,10619.06,12,absorcao
COBwebRCBAUTOS,2026-04-24,13,6,0.0,10619.06,12,absorcao
COBwebRCBAUTOS,2026-04-24,14,6,2124.21,12743.27,12,absorcao
COBwebRCBAUTOS,2026-04-24,15,6,305.25,13048.52,12,absorcao
COBwebRCBAUTOS,2026-04-24,16,6,1425.0,14473.52,12,absorcao
COBwebRCBAUTOS,2026-04-24,17,6,0.0,14473.52,12,absorcao
COBwebRCBAUTOS,2026-04-24,18,6,0.0,14473.52,12,absorcao
COBwebRCBAUTOS,2026-04-24,19,6,0.0,14473.52,12,absorcao
COBwebRCBAUTOS,2026-04-27,8,2,0.0,0.0,15,absorcao
COBwebRCBAUTOS,2026-04-27,9,2,0.0,0.0,15,absorcao
COBwebRCBAUTOS,2026-04-27,10,2,0.0,0.0,15,absorcao
COBwebRCBAUTOS,2026-04-27,11,2,2299.48,2299.48,15,absorcao
COBwebRCBAUTOS,2026-04-27,12,2,174.0,2473.48,15,absorcao
COBwebRCBAUTOS,2026-04-27,13,2,8124.59,10598.07,15,absorcao
COBwebRCBAUTOS,2026-04-27,14,2,700.0,11298.07,15,absorcao
COBwebRCBAUTOS,2026-04-27,15,2,4732.23,16030.3,15,absorcao
COBwebRCBAUTOS,2026-04-27,16,2,1067.36,17097.66,15,absorcao
COBwebRCBAUTOS,2026-04-27,17,2,194.0,17291.66,15,absorcao
COBwebRCBAUTOS,2026-04-27,18,2,0.0,17291.66,15,absorcao
COBwebRCBAUTOS,2026-04-27,19,2,0.0,17291.66,15,absorcao
COBwebRCBAUTOS,2026-04-28,8,3,0.0,0.0,16,basal
COBwebRCBAUTOS,2026-04-28,9,3,20467.46,20467.46,16,basal
COBwebRCBAUTOS,2026-04-28,10,3,4972.73,25440.19,16,basal
COBwebRCBAUTOS,2026-04-28,11,3,967.92,26408.11,16,basal
COBwebRCBAUTOS,2026-04-28,12,3,8600.0,35008.11,16,basal
COBwebRCBAUTOS,2026-04-28,13,3,2645.36,37653.47,16,basal
COBwebRCBAUTOS,2026-04-28,14,3,8514.21,46167.68,16,basal
COBwebRCBAUTOS,2026-04-28,15,3,477.0,46644.68,16,basal
COBwebRCBAUTOS,2026-04-28,16,3,2000.02,48644.7,16,basal
COBwebRCBAUTOS,2026-04-28,17,3,700.0,49344.7,16,basal
COBwebRCBAUTOS,2026-04-28,18,3,0.0,49344.7,16,basal
COBwebRCBAUTOS,2026-04-28,19,3,0.0,49344.7,16,basal
COBwebRCBAUTOS,2026-04-29,8,4,0.0,0.0,17,basal
COBwebRCBAUTOS,2026-04-29,9,4,2220.0,2220.0,17,basal
COBwebRCBAUTOS,2026-04-29,10,4,2100.0,4320.0,17,basal
COBwebRCBAUTOS,2026-04-29,11,4,3200.0,7520.0,17,basal
COBwebRCBAUTOS,2026-04-29,12,4,741.69,8261.69,17,basal
COBwebRCBAUTOS,2026-04-29,13,4,448.62,8710.31,17,basal
COBwebRCBAUTOS,2026-04-29,14,4,430.74,9141.05,17,basal
COBwebRCBAUTOS,2026-04-29,15,4,30310.89,39451.94,17,basal
COBwebRCBAUTOS,2026-04-29,16,4,3661.07,43113.01,17,basal
COBwebRCBAUTOS,2026-04-29,17,4,1224.48,44337.49,17,basal
COBwebRCBAUTOS,2026-04-29,18,4,0.0,44337.49,17,basal
COBwebRCBAUTOS,2026-04-29,19,4,0.0,44337.49,17,basal
COBwebRCBAUTOS,2026-04-30,8,5,0.0,0.0,18,basal
COBwebRCBAUTOS,2026-04-30,9,5,0.0,0.0,18,basal
COBwebRCBAUTOS,2026-04-30,10,5,1450.59,1450.59,18,basal
COBwebRCBAUTOS,2026-04-30,11,5,3111.21,4561.8,18,basal
COBwebRCBAUTOS,2026-04-30,12,5,785.0,5346.8,18,basal
COBwebRCBAUTOS,2026-04-30,13,5,2176.0,7522.8,18,basal
COBwebRCBAUTOS,2026-04-30,14,5,5600.53,13123.33,18,basal
COBwebRCBAUTOS,2026-04-30,15,5,4117.52,17240.85,18,basal
COBwebRCBAUTOS,2026-04-30,16,5,0.0,17240.85,18,basal
COBwebRCBAUTOS,2026-04-30,17,5,1124.1,18364.95,18,basal
COBwebRCBAUTOS,2026-04-30,18,5,0.0,18364.95,18,basal
COBwebRCBAUTOS,2026-04-30,19,5,0.0,18364.95,18,basal
COBwebRCBAUTOS,2026-05-01,8,6,0.0,0.0,19,basal
COBwebRCBAUTOS,2026-05-01,9,6,0.0,0.0,19,basal
COBwebRCBAUTOS,2026-05-01,10,6,0.0,0.0,19,basal
COBwebRCBAUTOS,2026-05-01,11,6,0.0,0.0,19,basal
COBwebRCBAUTOS,2026-05-01,12,6,0.0,0.0,19,basal
COBwebRCBAUTOS,2026-05-01,13,6,0.0,0.0,19,basal
COBwebRCBAUTOS,2026-05-01,14,6,0.0,0.0,19,basal
COBwebRCBAUTOS,2026-05-01,15,6,0.0,0.0,19,basal
COBwebRCBAUTOS,2026-05-01,16,6,0.0,0.0,19,basal
COBwebRCBAUTOS,2026-05-01,17,6,0.0,0.0,19,basal
COBwebRCBAUTOS,2026-05-01,18,6,0.0,0.0,19,basal
COBwebRCBAUTOS,2026-05-01,19,6,0.0,0.0,19,basal
COBwebRCBAUTOS,2026-05-04,8,2,486.03,486.03,22,basal
COBwebRCBAUTOS,2026-05-04,9,2,18467.5,18953.53,22,basal
COBwebRCBAUTOS,2026-05-04,10,2,531.0,19484.53,22,basal
COBwebRCBAUTOS,2026-05-04,11,2,6730.9,26215.43,22,basal
COBwebRCBAUTOS,2026-05-04,12,2,2401.02,28616.45,22,basal
COBwebRCBAUTOS,2026-05-04,13,2,10332.92,38949.37,22,basal
COBwebRCBAUTOS,2026-05-04,14,2,1000.1,39949.47,22,basal
COBwebRCBAUTOS,2026-05-04,15,2,0.0,39949.47,22,basal
COBwebRCBAUTOS,2026-05-04,16,2,1179.84,41129.31,22,basal
COBwebRCBAUTOS,2026-05-04,17,2,0.0,41129.31,22,basal
COBwebRCBAUTOS,2026-05-04,18,2,0.0,41129.31,22,basal
COBwebRCBAUTOS,2026-05-04,19,2,0.0,41129.31,22,basal
COBwebRCBAUTOS,2026-05-05,8,3,3677.74,3677.74,23,basal
COBwebRCBAUTOS,2026-05-05,9,3,684.16,4361.9,23,basal
COBwebRCBAUTOS,2026-05-05,10,3,1484.65,5846.55,23,basal
COBwebRCBAUTOS,2026-05-05,11,3,1250.0,7096.55,23,basal
COBwebRCBAUTOS,2026-05-05,12,3,0.0,7096.55,23,basal
COBwebRCBAUTOS,2026-05-05,13,3,1531.32,8627.87,23,basal
COBwebRCBAUTOS,2026-05-05,14,3,5299.82,13927.69,23,basal
COBwebRCBAUTOS,2026-05-05,15,3,16180.0,30107.69,23,basal
COBwebRCBAUTOS,2026-05-05,16,3,4500.0,34607.69,23,basal
COBwebRCBAUTOS,2026-05-05,17,3,0.0,34607.69,23,basal
COBwebRCBAUTOS,2026-05-05,18,3,220.0,34827.69,23,basal
COBwebRCBAUTOS,2026-05-05,19,3,0.0,34827.69,23,basal
COBwebRCBAUTOS,2026-05-06,8,4,0.0,0.0,24,basal
COBwebRCBAUTOS,2026-05-06,9,4,2283.02,2283.02,24,basal
COBwebRCBAUTOS,2026-05-06,10,4,386.74,2669.76,24,basal
COBwebRCBAUTOS,2026-05-06,11,4,0.0,2669.76,24,basal
COBwebRCBAUTOS,2026-05-06,12,4,250.0,2919.76,24,basal
COBwebRCBAUTOS,2026-05-06,13,4,145.0,3064.76,24,basal
COBwebRCBAUTOS,2026-05-06,14,4,665.07,3729.83,24,basal
COBwebRCBAUTOS,2026-05-06,15,4,4498.0,8227.83,24,basal
COBwebRCBAUTOS,2026-05-06,16,4,372.7,8600.53,24,basal
COBwebRCBAUTOS,2026-05-06,17,4,3742.05,12342.58,24,basal
COBwebRCBAUTOS,2026-05-06,18,4,0.0,12342.58,24,basal
COBwebRCBAUTOS,2026-05-06,19,4,0.0,12342.58,24,basal
COBwebRCBAUTOS,2026-05-07,8,5,1657.95,1657.95,25,basal
COBwebRCBAUTOS,2026-05-07,9,5,1750.0,3407.95,25,basal
COBwebRCBAUTOS,2026-05-07,10,5,577.95,3985.9,25,basal
COBwebRCBAUTOS,2026-05-07,11,5,5171.13,9157.03,25,basal
COBwebRCBAUTOS,2026-05-07,12,5,414.01,9571.04,25,basal
COBwebRCBAUTOS,2026-05-07,13,5,1162.58,10733.62,25,basal
COBwebRCBAUTOS,2026-05-07,14,5,4537.34,15270.96,25,basal
COBwebRCBAUTOS,2026-05-07,15,5,448.2,15719.16,25,basal
COBwebRCBAUTOS,2026-05-07,16,5,526.17,16245.33,25,basal
COBwebRCBAUTOS,2026-05-07,17,5,155.04,16400.37,25,basal
COBwebRCBAUTOS,2026-05-07,18,5,0.0,16400.37,25,basal
COBwebRCBAUTOS,2026-05-07,19,5,0.0,16400.37,25,basal
COBwebRCBAUTOS,2026-05-08,8,6,896.19,896.19,26,basal
COBwebRCBAUTOS,2026-05-08,9,6,0.0,896.19,26,basal
COBwebRCBAUTOS,2026-05-08,10,6,6434.07,7330.26,26,basal
COBwebRCBAUTOS,2026-05-08,11,6,1197.96,8528.22,26,basal
COBwebRCBAUTOS,2026-05-08,12,6,381.67,8909.89,26,basal
COBwebRCBAUTOS,2026-05-08,13,6,0.0,8909.89,26,basal
COBwebRCBAUTOS,2026-05-08,14,6,636.34,9546.23,26,basal
COBwebRCBAUTOS,2026-05-08,15,6,641.9,10188.13,26,basal
COBwebRCBAUTOS,2026-05-08,16,6,306.79,10494.92,26,basal
COBwebRCBAUTOS,2026-05-08,17,6,541.65,11036.57,26,basal
COBwebRCBAUTOS,2026-05-08,18,6,0.0,11036.57,26,basal
COBwebRCBAUTOS,2026-05-08,19,6,0.0,11036.57,26,basal
COBwebRCBAUTOS,2026-05-11,8,2,263.6,263.6,29,basal
COBwebRCBAUTOS,2026-05-11,9,2,1290.17,1553.77,29,basal
COBwebRCBAUTOS,2026-05-11,10,2,876.75,2430.52,29,basal
COBwebRCBAUTOS,2026-05-11,11,2,4418.0,6848.52,29,basal
COBwebRCBAUTOS,2026-05-11,12,2,2354.26,9202.78,29,basal
COBwebRCBAUTOS,2026-05-11,13,2,2025.78,11228.56,29,basal
COBwebRCBAUTOS,2026-05-11,14,2,5543.12,16771.68,29,basal
COBwebRCBAUTOS,2026-05-11,15,2,400.0,17171.68,29,basal
COBwebRCBAUTOS,2026-05-11,16,2,1000.0,18171.68,29,basal
COBwebRCBAUTOS,2026-05-11,17,2,1105.96,19277.64,29,basal
COBwebRCBAUTOS,2026-05-11,18,2,0.0,19277.64,29,basal
COBwebRCBAUTOS,2026-05-11,19,2,0.0,19277.64,29,basal
COBwebRCBAUTOS,2026-05-12,8,3,0.0,0.0,30,basal
COBwebRCBAUTOS,2026-05-12,9,3,0.0,0.0,30,basal
COBwebRCBAUTOS,2026-05-12,10,3,2580.0,2580.0,30,basal
COBwebRCBAUTOS,2026-05-12,11,3,90.0,2670.0,30,basal
COBwebRCBAUTOS,2026-05-12,12,3,400.0,3070.0,30,basal
COBwebRCBAUTOS,2026-05-12,13,3,494.56,3564.56,30,basal
COBwebRCBAUTOS,2026-05-12,14,3,0.0,3564.56,30,basal
COBwebRCBAUTOS,2026-05-12,15,3,13005.94,16570.5,30,basal
COBwebRCBAUTOS,2026-05-12,16,3,12191.55,28762.05,30,basal
COBwebRCBAUTOS,2026-05-12,17,3,0.0,28762.05,30,basal
COBwebRCBAUTOS,2026-05-12,18,3,0.0,28762.05,30,basal
COBwebRCBAUTOS,2026-05-12,19,3,0.0,28762.05,30,basal
COBwebRCBAUTOS,2026-05-13,8,4,99.07,99.07,31,basal
COBwebRCBAUTOS,2026-05-13,9,4,522.75,621.82,31,basal
COBwebRCBAUTOS,2026-05-13,10,4,154.0,775.82,31,basal
COBwebRCBAUTOS,2026-05-13,11,4,729.11,1504.93,31,basal
COBwebRCBAUTOS,2026-05-13,12,4,13136.25,14641.18,31,basal
COBwebRCBAUTOS,2026-05-13,13,4,5654.5,20295.68,31,basal
COBwebRCBAUTOS,2026-05-13,14,4,358.0,20653.68,31,basal
COBwebRCBAUTOS,2026-05-13,15,4,38086.0,58739.68,31,basal
COBwebRCBAUTOS,2026-05-13,16,4,0.0,58739.68,31,basal
COBwebRCBAUTOS,2026-05-13,17,4,20834.8,79574.48,31,basal
COBwebRCBAUTOS,2026-05-13,18,4,0.0,79574.48,31,basal
COBwebRCBAUTOS,2026-05-13,19,4,0.0,79574.48,31,basal
COBwebRCBAUTOS,2026-05-14,8,5,0.0,0.0,32,basal
COBwebRCBAUTOS,2026-05-14,9,5,3660.0,3660.0,32,basal
COBwebRCBAUTOS,2026-05-14,10,5,3171.24,6831.24,32,basal
COBwebRCBAUTOS,2026-05-14,11,5,2475.03,9306.27,32,basal
COBwebRCBAUTOS,2026-05-14,12,5,833.44,10139.71,32,basal
COBwebRCBAUTOS,2026-05-14,13,5,1600.0,11739.71,32,basal
COBwebRCBAUTOS,2026-05-14,14,5,6627.0,18366.71,32,basal
COBwebRCBAUTOS,2026-05-14,15,5,4321.67,22688.38,32,basal
COBwebRCBAUTOS,2026-05-14,16,5,518.0,23206.38,32,basal
COBwebRCBAUTOS,2026-05-14,17,5,958.82,24165.2,32,basal
COBwebRCBAUTOS,2026-05-14,18,5,0.0,24165.2,32,basal
COBwebRCBAUTOS,2026-05-14,19,5,0.0,24165.2,32,basal
COBwebRCBAUTOS,2026-05-15,8,6,10854.25,10854.25,33,basal
COBwebRCBAUTOS,2026-05-15,9,6,2297.92,13152.17,33,basal
COBwebRCBAUTOS,2026-05-15,10,6,2400.0,15552.17,33,basal
COBwebRCBAUTOS,2026-05-15,11,6,500.14,16052.31,33,basal
COBwebRCBAUTOS,2026-05-15,12,6,2567.04,18619.35,33,basal
COBwebRCBAUTOS,2026-05-15,13,6,550.0,19169.35,33,basal
COBwebRCBAUTOS,2026-05-15,14,6,0.0,19169.35,33,basal
COBwebRCBAUTOS,2026-05-15,15,6,0.0,19169.35,33,basal
COBwebRCBAUTOS,2026-05-15,16,6,24510.5,43679.85,33,basal
COBwebRCBAUTOS,2026-05-15,17,6,200.0,43879.85,33,basal
COBwebRCBAUTOS,2026-05-15,18,6,0.0,43879.85,33,basal
COBwebRCBAUTOS,2026-05-15,19,6,0.0,43879.85,33,basal
COBwebRCBAUTOS,2026-05-18,8,2,0.0,0.0,36,basal
COBwebRCBAUTOS,2026-05-18,9,2,1100.0,1100.0,36,basal
COBwebRCBAUTOS,2026-05-18,10,2,3520.0,4620.0,36,basal
COBwebRCBAUTOS,2026-05-18,11,2,0.0,4620.0,36,basal
COBwebRCBAUTOS,2026-05-18,12,2,0.0,4620.0,36,basal
COBwebRCBAUTOS,2026-05-18,13,2,7952.0,12572.0,36,basal
COBwebRCBAUTOS,2026-05-18,14,2,500.0,13072.0,36,basal
COBwebRCBAUTOS,2026-05-18,15,2,4654.02,17726.02,36,basal
COBwebRCBAUTOS,2026-05-18,16,2,0.0,17726.02,36,basal
COBwebRCBAUTOS,2026-05-18,17,2,866.7,18592.72,36,basal
COBwebRCBAUTOS,2026-05-18,18,2,0.0,18592.72,36,basal
COBwebRCBAUTOS,2026-05-18,19,2,0.0,18592.72,36,basal
COBwebRCBAUTOS,2026-05-19,8,3,804.0,804.0,37,basal
COBwebRCBAUTOS,2026-05-19,9,3,1271.27,2075.27,37,basal
COBwebRCBAUTOS,2026-05-19,10,3,12001.68,14076.95,37,basal
COBwebRCBAUTOS,2026-05-19,11,3,457.97,14534.92,37,basal
COBwebRCBAUTOS,2026-05-19,12,3,0.0,14534.92,37,basal
COBwebRCBAUTOS,2026-05-19,13,3,11679.52,26214.44,37,basal
COBwebRCBAUTOS,2026-05-19,14,3,1869.9,28084.34,37,basal
COBwebRCBAUTOS,2026-05-19,15,3,0.0,28084.34,37,basal
COBwebRCBAUTOS,2026-05-19,16,3,0.0,28084.34,37,basal
COBwebRCBAUTOS,2026-05-19,17,3,0.0,28084.34,37,basal
COBwebRCBAUTOS,2026-05-19,18,3,0.0,28084.34,37,basal
COBwebRCBAUTOS,2026-05-19,19,3,0.0,28084.34,37,basal
COBwebRCBAUTOS,2026-05-20,8,4,10049.5,10049.5,38,basal
COBwebRCBAUTOS,2026-05-20,9,4,1259.0,11308.5,38,basal
COBwebRCBAUTOS,2026-05-20,10,4,2857.65,14166.15,38,basal
COBwebRCBAUTOS,2026-05-20,11,4,8130.46,22296.61,38,basal
COBwebRCBAUTOS,2026-05-20,12,4,13834.94,36131.55,38,basal
COBwebRCBAUTOS,2026-05-20,13,4,1379.39,37510.94,38,basal
COBwebRCBAUTOS,2026-05-20,14,4,1293.24,38804.18,38,basal
COBwebRCBAUTOS,2026-05-20,15,4,803.26,39607.44,38,basal
COBwebRCBAUTOS,2026-05-20,16,4,0.0,39607.44,38,basal
COBwebRCBAUTOS,2026-05-20,17,4,2500.0,42107.44,38,basal
COBwebRCBAUTOS,2026-05-20,18,4,0.0,42107.44,38,basal
COBwebRCBAUTOS,2026-05-20,19,4,0.0,42107.44,38,basal
COBwebRCBAUTOS,2026-05-21,8,5,460.0,460.0,39,basal
COBwebRCBAUTOS,2026-05-21,9,5,0.0,460.0,39,basal
COBwebRCBAUTOS,2026-05-21,10,5,0.0,460.0,39,basal
COBwebRCBAUTOS,2026-05-21,11,5,13450.0,13910.0,39,basal
COBwebRCBAUTOS,2026-05-21,12,5,0.0,13910.0,39,basal
COBwebRCBAUTOS,2026-05-21,13,5,8004.44,21914.44,39,basal
COBwebRCBAUTOS,2026-05-21,14,5,0.0,21914.44,39,basal
COBwebRCBAUTOS,2026-05-21,15,5,1070.0,22984.44,39,basal
COBwebRCBAUTOS,2026-05-21,16,5,0.0,22984.44,39,basal
COBwebRCBAUTOS,2026-05-21,17,5,0.0,22984.44,39,basal
COBwebRCBAUTOS,2026-05-21,18,5,18900.0,41884.44,39,basal
COBwebRCBAUTOS,2026-05-21,19,5,0.0,41884.44,39,basal
COBwebRCBAUTOS,2026-05-22,8,6,0.0,0.0,40,basal
COBwebRCBAUTOS,2026-05-22,9,6,2650.69,2650.69,40,basal
COBwebRCBAUTOS,2026-05-22,10,6,856.7,3507.39,40,basal
COBwebRCBAUTOS,2026-05-22,11,6,5545.0,9052.39,40,basal
COBwebRCBAUTOS,2026-05-22,12,6,565.6,9617.99,40,basal
COBwebRCBAUTOS,2026-05-22,13,6,30000.0,39617.99,40,basal
COBwebRCBAUTOS,2026-05-22,14,6,5207.06,44825.05,40,basal
COBwebRCBAUTOS,2026-05-22,15,6,4612.87,49437.92,40,basal
COBwebRCBAUTOS,2026-05-22,16,6,741.9,50179.82,40,basal
COBwebRCBAUTOS,2026-05-22,17,6,278.0,50457.82,40,basal
COBwebRCBAUTOS,2026-05-22,18,6,0.0,50457.82,40,basal
COBwebRCBAUTOS,2026-05-22,19,6,0.0,50457.82,40,basal
COBwebRCBAUTOS,2026-05-25,8,2,0.0,0.0,43,basal
COBwebRCBAUTOS,2026-05-25,9,2,3527.23,3527.23,43,basal
COBwebRCBAUTOS,2026-05-25,10,2,616.27,4143.5,43,basal
COBwebRCBAUTOS,2026-05-25,11,2,0.0,4143.5,43,basal
COBwebRCBAUTOS,2026-05-25,12,2,15851.3,19994.8,43,basal
COBwebRCBAUTOS,2026-05-25,13,2,909.36,20904.16,43,basal
COBwebRCBAUTOS,2026-05-25,14,2,6214.0,27118.16,43,basal
COBwebRCBAUTOS,2026-05-25,15,2,0.0,27118.16,43,basal
COBwebRCBAUTOS,2026-05-25,16,2,960.72,28078.88,43,basal
COBwebRCBAUTOS,2026-05-25,17,2,0.0,28078.88,43,basal
COBwebRCBAUTOS,2026-05-25,18,2,0.0,28078.88,43,basal
COBwebRCBAUTOS,2026-05-25,19,2,0.0,28078.88,43,basal
COBwebRCBAUTOS,2026-05-26,8,3,7100.0,7100.0,44,basal
COBwebRCBAUTOS,2026-05-26,9,3,1769.39,8869.39,44,basal
COBwebRCBAUTOS,2026-05-26,10,3,380.0,9249.39,44,basal
COBwebRCBAUTOS,2026-05-26,11,3,11521.62,20771.01,44,basal
COBwebRCBAUTOS,2026-05-26,12,3,877.62,21648.63,44,basal
COBwebRCBAUTOS,2026-05-26,13,3,198.0,21846.63,44,basal
COBwebRCBAUTOS,2026-05-26,14,3,9284.0,31130.63,44,basal
COBwebRCBAUTOS,2026-05-26,15,3,46131.83,77262.46,44,basal
COBwebRCBAUTOS,2026-05-26,16,3,145.0,77407.46,44,basal
COBwebRCBAUTOS,2026-05-26,17,3,2125.0,79532.46,44,basal
COBwebRCBAUTOS,2026-05-26,18,3,0.0,79532.46,44,basal
COBwebRCBAUTOS,2026-05-26,19,3,0.0,79532.46,44,basal
COBwebRCBAUTOS,2026-05-27,8,4,900.0,900.0,45,basal
COBwebRCBAUTOS,2026-05-27,9,4,12029.86,12929.86,45,basal
COBwebRCBAUTOS,2026-05-27,10,4,2505.1,15434.96,45,basal
COBwebRCBAUTOS,2026-05-27,11,4,4668.0,20102.96,45,basal
COBwebRCBAUTOS,2026-05-27,12,4,26172.74,46275.7,45,basal
COBwebRCBAUTOS,2026-05-27,13,4,10050.0,56325.7,45,basal
COBwebRCBAUTOS,2026-05-27,14,4,0.0,56325.7,45,basal
COBwebRCBAUTOS,2026-05-27,15,4,46950.0,103275.7,45,basal
COBwebRCBAUTOS,2026-05-27,16,4,0.0,103275.7,45,basal
COBwebRCBAUTOS,2026-05-27,17,4,255.48,103531.18,45,basal
COBwebRCBAUTOS,2026-05-27,18,4,0.0,103531.18,45,basal
COBwebRCBAUTOS,2026-05-27,19,4,0.0,103531.18,45,basal
COBwebRCBAUTOS,2026-05-28,8,5,1780.22,1780.22,46,basal
COBwebRCBAUTOS,2026-05-28,9,5,6005.25,7785.47,46,basal
COBwebRCBAUTOS,2026-05-28,10,5,10505.31,18290.78,46,basal
COBwebRCBAUTOS,2026-05-28,11,5,425.0,18715.78,46,basal
COBwebRCBAUTOS,2026-05-28,12,5,0.0,18715.78,46,basal
COBwebRCBAUTOS,2026-05-28,13,5,5000.0,23715.78,46,basal
COBwebRCBAUTOS,2026-05-28,14,5,0.0,23715.78,46,basal
COBwebRCBAUTOS,2026-05-28,15,5,340.0,24055.78,46,basal
COBwebRCBAUTOS,2026-05-28,16,5,10780.25,34836.03,46,basal
COBwebRCBAUTOS,2026-05-28,17,5,35000.0,69836.03,46,basal
COBwebRCBAUTOS,2026-05-28,18,5,0.0,69836.03,46,basal
COBwebRCBAUTOS,2026-05-28,19,5,0.0,69836.03,46,basal
COBwebRCBAUTOS,2026-05-29,8,6,2627.85,2627.85,47,basal
COBwebRCBAUTOS,2026-05-29,9,6,250.0,2877.85,47,basal
COBwebRCBAUTOS,2026-05-29,10,6,0.0,2877.85,47,basal
COBwebRCBAUTOS,2026-05-29,11,6,1425.8,4303.65,47,basal
COBwebRCBAUTOS,2026-05-29,12,6,350.0,4653.65,47,basal
COBwebRCBAUTOS,2026-05-29,13,6,16086.23,20739.88,47,basal
COBwebRCBAUTOS,2026-05-29,14,6,872.87,21612.75,47,basal
COBwebRCBAUTOS,2026-05-29,15,6,18632.85,40245.6,47,basal
COBwebRCBAUTOS,2026-05-29,16,6,0.0,40245.6,47,basal
COBwebRCBAUTOS,2026-05-29,17,6,0.0,40245.6,47,basal
COBwebRCBAUTOS,2026-05-29,18,6,0.0,40245.6,47,basal
COBwebRCBAUTOS,2026-05-29,19,6,0.0,40245.6,47,basal
COBwebRCBAUTOS,2026-06-01,8,2,5000.0,5000.0,50,basal
COBwebRCBAUTOS,2026-06-01,9,2,610.0,5610.0,50,basal
COBwebRCBAUTOS,2026-06-01,10,2,13436.01,19046.01,50,basal
COBwebRCBAUTOS,2026-06-01,11,2,6112.46,25158.47,50,basal
COBwebRCBAUTOS,2026-06-01,12,2,3814.81,28973.28,50,basal
COBwebRCBAUTOS,2026-06-01,13,2,117.26,29090.54,50,basal
COBwebRCBAUTOS,2026-06-01,14,2,2437.52,31528.06,50,basal
COBwebRCBAUTOS,2026-06-01,15,2,1300.0,32828.06,50,basal
COBwebRCBAUTOS,2026-06-01,16,2,779.89,33607.95,50,basal
COBwebRCBAUTOS,2026-06-01,17,2,0.0,33607.95,50,basal
COBwebRCBAUTOS,2026-06-01,18,2,267.75,33875.7,50,basal
COBwebRCBAUTOS,2026-06-01,19,2,0.0,33875.7,50,basal
COBwebRCBAUTOS,2026-06-02,8,3,600.73,600.73,51,basal
COBwebRCBAUTOS,2026-06-02,9,3,161.7,762.43,51,basal
COBwebRCBAUTOS,2026-06-02,10,3,5670.19,6432.62,51,basal
COBwebRCBAUTOS,2026-06-02,11,3,850.0,7282.62,51,basal
COBwebRCBAUTOS,2026-06-02,12,3,1616.62,8899.24,51,basal
COBwebRCBAUTOS,2026-06-02,13,3,0.0,8899.24,51,basal
COBwebRCBAUTOS,2026-06-02,14,3,3317.0,12216.24,51,basal
COBwebRCBAUTOS,2026-06-02,15,3,1701.49,13917.73,51,basal
COBwebRCBAUTOS,2026-06-02,16,3,367.0,14284.73,51,basal
COBwebRCBAUTOS,2026-06-02,17,3,450.0,14734.73,51,basal
COBwebRCBAUTOS,2026-06-02,18,3,8008.6,22743.33,51,basal
COBwebRCBAUTOS,2026-06-02,19,3,0.0,22743.33,51,basal
COBwebRCBAUTOS,2026-06-03,8,4,1300.0,1300.0,52,basal
COBwebRCBAUTOS,2026-06-03,9,4,954.0,2254.0,52,basal
COBwebRCBAUTOS,2026-06-03,10,4,226.19,2480.19,52,basal
COBwebRCBAUTOS,2026-06-03,11,4,410.53,2890.72,52,basal
COBwebRCBAUTOS,2026-06-03,12,4,0.0,2890.72,52,basal
COBwebRCBAUTOS,2026-06-03,13,4,6273.22,9163.94,52,basal
COBwebRCBAUTOS,2026-06-03,14,4,1127.41,10291.35,52,basal
COBwebRCBAUTOS,2026-06-03,15,4,972.55,11263.9,52,basal
COBwebRCBAUTOS,2026-06-03,16,4,3003.54,14267.44,52,basal
COBwebRCBAUTOS,2026-06-03,17,4,1300.0,15567.44,52,basal
COBwebRCBAUTOS,2026-06-03,18,4,0.0,15567.44,52,basal
COBwebRCBAUTOS,2026-06-03,19,4,0.0,15567.44,52,basal
COBwebRCBAUTOS,2026-06-04,8,5,0.0,0.0,53,basal
COBwebRCBAUTOS,2026-06-04,9,5,0.0,0.0,53,basal
COBwebRCBAUTOS,2026-06-04,10,5,0.0,0.0,53,basal
COBwebRCBAUTOS,2026-06-04,11,5,0.0,0.0,53,basal
COBwebRCBAUTOS,2026-06-04,12,5,0.0,0.0,53,basal
COBwebRCBAUTOS,2026-06-04,13,5,0.0,0.0,53,basal
COBwebRCBAUTOS,2026-06-04,14,5,0.0,0.0,53,basal
COBwebRCBAUTOS,2026-06-04,15,5,0.0,0.0,53,basal
COBwebRCBAUTOS,2026-06-04,16,5,0.0,0.0,53,basal
COBwebRCBAUTOS,2026-06-04,17,5,0.0,0.0,53,basal
COBwebRCBAUTOS,2026-06-04,18,5,0.0,0.0,53,basal
COBwebRCBAUTOS,2026-06-04,19,5,0.0,0.0,53,basal
COBwebRCBAUTOS,2026-06-05,8,6,147.51,147.51,54,basal
COBwebRCBAUTOS,2026-06-05,9,6,0.0,147.51,54,basal
COBwebRCBAUTOS,2026-06-05,10,6,3168.65,3316.16,54,basal
COBwebRCBAUTOS,2026-06-05,11,6,606.37,3922.53,54,basal
COBwebRCBAUTOS,2026-06-05,12,6,1304.71,5227.24,54,basal
COBwebRCBAUTOS,2026-06-05,13,6,3132.44,8359.68,54,basal
COBwebRCBAUTOS,2026-06-05,14,6,5566.08,13925.76,54,basal
COBwebRCBAUTOS,2026-06-05,15,6,1490.0,15415.76,54,basal
COBwebRCBAUTOS,2026-06-05,16,6,0.0,15415.76,54,basal
COBwebRCBAUTOS,2026-06-05,17,6,0.0,15415.76,54,basal
COBwebRCBAUTOS,2026-06-05,18,6,0.0,15415.76,54,basal
COBwebRCBAUTOS,2026-06-05,19,6,0.0,15415.76,54,basal
COBwebRCBAUTOS,2026-06-08,8,2,1905.0,1905.0,57,basal
COBwebRCBAUTOS,2026-06-08,9,2,1100.0,3005.0,57,basal
COBwebRCBAUTOS,2026-06-08,10,2,605.0,3610.0,57,basal
COBwebRCBAUTOS,2026-06-08,11,2,468.97,4078.97,57,basal
COBwebRCBAUTOS,2026-06-08,12,2,4200.83,8279.8,57,basal
COBwebRCBAUTOS,2026-06-08,13,2,23953.13,32232.93,57,basal
COBwebRCBAUTOS,2026-06-08,14,2,6500.0,38732.93,57,basal
COBwebRCBAUTOS,2026-06-08,15,2,1465.0,40197.93,57,basal
COBwebRCBAUTOS,2026-06-08,16,2,269.0,40466.93,57,basal
COBwebRCBAUTOS,2026-06-08,17,2,250.0,40716.93,57,basal
COBwebRCBAUTOS,2026-06-08,18,2,0.0,40716.93,57,basal
COBwebRCBAUTOS,2026-06-08,19,2,0.0,40716.93,57,basal
COBwebRCBAUTOS,2026-06-09,8,3,0.0,0.0,58,basal
COBwebRCBAUTOS,2026-06-09,9,3,0.0,0.0,58,basal
COBwebRCBAUTOS,2026-06-09,10,3,1306.0,1306.0,58,basal
COBwebRCBAUTOS,2026-06-09,11,3,23400.0,24706.0,58,basal
COBwebRCBAUTOS,2026-06-09,12,3,8322.1,33028.1,58,basal
COBwebRCBAUTOS,2026-06-09,13,3,1189.58,34217.68,58,basal
COBwebRCBAUTOS,2026-06-09,14,3,2372.07,36589.75,58,basal
COBwebRCBAUTOS,2026-06-09,15,3,1732.5,38322.25,58,basal
COBwebRCBAUTOS,2026-06-09,16,3,434.26,38756.51,58,basal
COBwebRCBAUTOS,2026-06-09,17,3,0.0,38756.51,58,basal
COBwebRCBAUTOS,2026-06-09,18,3,0.0,38756.51,58,basal
COBwebRCBAUTOS,2026-06-09,19,3,0.0,38756.51,58,basal
COBwebRCBAUTOS,2026-06-10,8,4,0.0,0.0,59,basal
COBwebRCBAUTOS,2026-06-10,9,4,0.0,0.0,59,basal
COBwebRCBAUTOS,2026-06-10,10,4,2007.4,2007.4,59,basal
COBwebRCBAUTOS,2026-06-10,11,4,13310.39,15317.79,59,basal
COBwebRCBAUTOS,2026-06-10,12,4,0.0,15317.79,59,basal
COBwebRCBAUTOS,2026-06-10,13,4,9858.74,25176.53,59,basal
COBwebRCBAUTOS,2026-06-10,14,4,387.19,25563.72,59,basal
COBwebRCBAUTOS,2026-06-10,15,4,1403.25,26966.97,59,basal
COBwebRCBAUTOS,2026-06-10,16,4,1207.5,28174.47,59,basal
COBwebRCBAUTOS,2026-06-10,17,4,0.0,28174.47,59,basal
COBwebRCBAUTOS,2026-06-10,18,4,0.0,28174.47,59,basal
COBwebRCBAUTOS,2026-06-10,19,4,0.0,28174.47,59,basal
COBwebRCBAUTOS,2026-06-11,8,5,1712.0,1712.0,60,basal
COBwebRCBAUTOS,2026-06-11,9,5,869.0,2581.0,60,basal
COBwebRCBAUTOS,2026-06-11,10,5,11390.0,13971.0,60,basal
COBwebRCBAUTOS,2026-06-11,11,5,924.8,14895.8,60,basal
COBwebRCBAUTOS,2026-06-11,12,5,6550.0,21445.8,60,basal
COBwebRCBAUTOS,2026-06-11,13,5,7933.77,29379.57,60,basal
COBwebRCBAUTOS,2026-06-11,14,5,24160.86,53540.43,60,basal
COBwebRCBAUTOS,2026-06-11,15,5,0.0,53540.43,60,basal
COBwebRCBAUTOS,2026-06-11,16,5,287.85,53828.28,60,basal
COBwebRCBAUTOS,2026-06-11,17,5,300.0,54128.28,60,basal
COBwebRCBAUTOS,2026-06-11,18,5,0.0,54128.28,60,basal
COBwebRCBAUTOS,2026-06-11,19,5,0.0,54128.28,60,basal
COBwebRCBAUTOS,2026-06-12,8,6,0.0,0.0,61,basal
COBwebRCBAUTOS,2026-06-12,9,6,11647.72,11647.72,61,basal
COBwebRCBAUTOS,2026-06-12,10,6,1210.14,12857.86,61,basal
COBwebRCBAUTOS,2026-06-12,11,6,14358.68,27216.54,61,basal
COBwebRCBAUTOS,2026-06-12,12,6,56.0,27272.54,61,basal
COBwebRCBAUTOS,2026-06-12,13,6,250.0,27522.54,61,basal
COBwebRCBAUTOS,2026-06-12,14,6,0.0,27522.54,61,basal
COBwebRCBAUTOS,2026-06-12,15,6,1345.0,28867.54,61,basal
COBwebRCBAUTOS,2026-06-12,16,6,0.0,28867.54,61,basal
COBwebRCBAUTOS,2026-06-12,17,6,8005.25,36872.79,61,basal
COBwebRCBAUTOS,2026-06-12,18,6,0.0,36872.79,61,basal
COBwebRCBAUTOS,2026-06-12,19,6,0.0,36872.79,61,basal
COBwebRCBAUTOS,2026-06-15,8,2,52.46,52.46,64,basal
COBwebRCBAUTOS,2026-06-15,9,2,1601.11,1653.57,64,basal
COBwebRCBAUTOS,2026-06-15,10,2,545.88,2199.45,64,basal
COBwebRCBAUTOS,2026-06-15,11,2,21321.12,23520.57,64,basal
COBwebRCBAUTOS,2026-06-15,12,2,4016.22,27536.79,64,basal
COBwebRCBAUTOS,2026-06-15,13,2,9142.7,36679.49,64,basal
COBwebRCBAUTOS,2026-06-15,14,2,602.75,37282.24,64,basal
COBwebRCBAUTOS,2026-06-15,15,2,0.0,37282.24,64,basal
COBwebRCBAUTOS,2026-06-15,16,2,0.0,37282.24,64,basal
COBwebRCBAUTOS,2026-06-15,17,2,400.0,37682.24,64,basal
COBwebRCBAUTOS,2026-06-15,18,2,0.0,37682.24,64,basal
COBwebRCBAUTOS,2026-06-15,19,2,0.0,37682.24,64,basal
COBwebRCBAUTOS,2026-06-16,8,3,0.0,0.0,65,basal
COBwebRCBAUTOS,2026-06-16,9,3,6253.68,6253.68,65,basal
COBwebRCBAUTOS,2026-06-16,10,3,780.0,7033.68,65,basal
COBwebRCBAUTOS,2026-06-16,11,3,549.0,7582.68,65,basal
COBwebRCBAUTOS,2026-06-16,12,3,451.5,8034.18,65,basal
COBwebRCBAUTOS,2026-06-16,13,3,4164.16,12198.34,65,basal
COBwebRCBAUTOS,2026-06-16,14,3,189.0,12387.34,65,basal
COBwebRCBAUTOS,2026-06-16,15,3,0.0,12387.34,65,basal
COBwebRCBAUTOS,2026-06-16,16,3,5220.0,17607.34,65,basal
COBwebRCBAUTOS,2026-06-16,17,3,195.36,17802.7,65,basal
COBwebRCBAUTOS,2026-06-16,18,3,7500.0,25302.7,65,basal
COBwebRCBAUTOS,2026-06-16,19,3,0.0,25302.7,65,basal
COBwebRCBAUTOS,2026-06-17,8,4,4362.66,4362.66,66,basal
COBwebRCBAUTOS,2026-06-17,9,4,351.0,4713.66,66,basal
COBwebRCBAUTOS,2026-06-17,10,4,4655.64,9369.3,66,basal
COBwebRCBAUTOS,2026-06-17,11,4,1605.0,10974.3,66,basal
COBwebRCBAUTOS,2026-06-17,12,4,679.5,11653.8,66,basal
COBwebRCBAUTOS,2026-06-17,13,4,324.0,11977.8,66,basal
COBwebRCBAUTOS,2026-06-17,14,4,2658.84,14636.64,66,basal
COBwebRCBAUTOS,2026-06-17,15,4,10007.5,24644.14,66,basal
COBwebRCBAUTOS,2026-06-17,16,4,8504.0,33148.14,66,basal
COBwebRCBAUTOS,2026-06-17,17,4,31500.0,64648.14,66,basal
COBwebRCBAUTOS,2026-06-17,18,4,0.0,64648.14,66,basal
COBwebRCBAUTOS,2026-06-17,19,4,0.0,64648.14,66,basal
COBwebRCBAUTOS,2026-06-18,8,5,300.0,300.0,67,basal
COBwebRCBAUTOS,2026-06-18,9,5,400.0,700.0,67,basal
COBwebRCBAUTOS,2026-06-18,10,5,3717.23,4417.23,67,basal
COBwebRCBAUTOS,2026-06-18,11,5,7497.07,11914.3,67,basal
COBwebRCBAUTOS,2026-06-18,12,5,16104.59,28018.89,67,basal
COBwebRCBAUTOS,2026-06-18,13,5,422.82,28441.71,67,basal
COBwebRCBAUTOS,2026-06-18,14,5,30830.19,59271.9,67,basal
COBwebRCBAUTOS,2026-06-18,15,5,24502.58,83774.48,67,basal
COBwebRCBAUTOS,2026-06-18,16,5,10340.16,94114.64,67,basal
COBwebRCBAUTOS,2026-06-18,17,5,6000.0,100114.64,67,basal
COBwebRCBAUTOS,2026-06-18,18,5,0.0,100114.64,67,basal
COBwebRCBAUTOS,2026-06-18,19,5,0.0,100114.64,67,basal
COBwebRCBAUTOS,2026-06-19,8,6,0.0,0.0,68,basal
COBwebRCBAUTOS,2026-06-19,9,6,3287.03,3287.03,68,basal
COBwebRCBAUTOS,2026-06-19,10,6,354.0,3641.03,68,basal
COBwebRCBAUTOS,2026-06-19,11,6,1180.0,4821.03,68,basal
COBwebRCBAUTOS,2026-06-19,12,6,2350.0,7171.03,68,basal
COBwebRCBAUTOS,2026-06-19,13,6,0.0,7171.03,68,basal
COBwebRCBAUTOS,2026-06-19,14,6,8800.0,15971.03,68,basal
COBwebRCBAUTOS,2026-06-19,15,6,0.0,15971.03,68,basal
COBwebRCBAUTOS,2026-06-19,16,6,0.0,15971.03,68,basal
COBwebRCBAUTOS,2026-06-19,17,6,300.0,16271.03,68,basal
COBwebRCBAUTOS,2026-06-19,18,6,1000.0,17271.03,68,basal
COBwebRCBAUTOS,2026-06-19,19,6,0.0,17271.03,68,basal
COBwebRCBAUTOS,2026-06-22,8,2,7005.25,7005.25,71,basal
COBwebRCBAUTOS,2026-06-22,9,2,0.0,7005.25,71,basal
COBwebRCBAUTOS,2026-06-22,10,2,250.0,7255.25,71,basal
COBwebRCBAUTOS,2026-06-22,11,2,0.0,7255.25,71,basal
COBwebRCBAUTOS,2026-06-22,12,2,3896.72,11151.97,71,basal
COBwebRCBAUTOS,2026-06-22,13,2,0.0,11151.97,71,basal
COBwebRCBAUTOS,2026-06-22,14,2,17000.03,28152.0,71,basal
COBwebRCBAUTOS,2026-06-22,15,2,7224.69,35376.69,71,basal
COBwebRCBAUTOS,2026-06-22,16,2,2000.0,37376.69,71,basal
COBwebRCBAUTOS,2026-06-22,17,2,15599.09,52975.78,71,basal
COBwebRCBAUTOS,2026-06-22,18,2,0.0,52975.78,71,basal
COBwebRCBAUTOS,2026-06-22,19,2,0.0,52975.78,71,basal
COBwebRCBAUTOS,2026-06-23,8,3,0.0,0.0,72,basal
COBwebRCBAUTOS,2026-06-23,9,3,400.0,400.0,72,basal
COBwebRCBAUTOS,2026-06-23,10,3,200.0,600.0,72,basal
COBwebRCBAUTOS,2026-06-23,11,3,0.0,600.0,72,basal
COBwebRCBAUTOS,2026-06-23,12,3,0.0,600.0,72,basal
COBwebRCBAUTOS,2026-06-23,13,3,1549.02,2149.02,72,basal
COBwebRCBAUTOS,2026-06-23,14,3,3000.0,5149.02,72,basal
COBwebRCBAUTOS,2026-06-23,15,3,0.0,5149.02,72,basal
COBwebRCBAUTOS,2026-06-23,16,3,732.9,5881.92,72,basal
COBwebRCBAUTOS,2026-06-23,17,3,2534.27,8416.19,72,basal
COBwebRCBAUTOS,2026-06-23,18,3,1107.15,9523.34,72,basal
COBwebRCBAUTOS,2026-06-23,19,3,0.0,9523.34,72,basal
COBwebRCBAUTOS,2026-06-24,8,4,1746.07,1746.07,73,basal
COBwebRCBAUTOS,2026-06-24,9,4,1525.0,3271.07,73,basal
COBwebRCBAUTOS,2026-06-24,10,4,0.0,3271.07,73,basal
COBwebRCBAUTOS,2026-06-24,11,4,0.0,3271.07,73,basal
COBwebRCBAUTOS,2026-06-24,12,4,13110.0,16381.07,73,basal
COBwebRCBAUTOS,2026-06-24,13,4,700.0,17081.07,73,basal
COBwebRCBAUTOS,2026-06-24,14,4,18289.22,35370.29,73,basal
COBwebRCBAUTOS,2026-06-24,15,4,300.0,35670.29,73,basal
COBwebRCBAUTOS,2026-06-24,16,4,2160.0,37830.29,73,basal
COBwebRCBAUTOS,2026-06-24,17,4,605.0,38435.29,73,basal
COBwebRCBAUTOS,2026-06-24,18,4,0.0,38435.29,73,basal
COBwebRCBAUTOS,2026-06-24,19,4,0.0,38435.29,73,basal
COBwebRCBAUTOS,2026-06-25,8,5,31955.25,31955.25,74,basal
COBwebRCBAUTOS,2026-06-25,9,5,16401.74,48356.99,74,basal
COBwebRCBAUTOS,2026-06-25,10,5,14614.95,62971.94,74,basal
COBwebRCBAUTOS,2026-06-25,11,5,49974.76,112946.7,74,basal
COBwebRCBAUTOS,2026-06-25,12,5,57563.76,170510.46,74,basal
COBwebRCBAUTOS,2026-06-25,13,5,16026.19,186536.65,74,basal
COBwebRCBAUTOS,2026-06-25,14,5,2494.59,189031.24,74,basal
COBwebRCBAUTOS,2026-06-25,15,5,280.0,189311.24,74,basal
COBwebRCBAUTOS,2026-06-25,16,5,454.38,189765.62,74,basal
COBwebRCBAUTOS,2026-06-25,17,5,199.0,189964.62,74,basal
COBwebRCBAUTOS,2026-06-25,18,5,0.0,189964.62,74,basal
COBwebRCBAUTOS,2026-06-25,19,5,0.0,189964.62,74,basal
COBwebRCBAUTOS,2026-06-26,8,6,0.0,0.0,75,basal
COBwebRCBAUTOS,2026-06-26,9,6,0.0,0.0,75,basal
COBwebRCBAUTOS,2026-06-26,10,6,6952.37,6952.37,75,basal
COBwebRCBAUTOS,2026-06-26,11,6,0.0,6952.37,75,basal
COBwebRCBAUTOS,2026-06-26,12,6,17000.0,23952.37,75,basal
COBwebRCBAUTOS,2026-06-26,13,6,0.0,23952.37,75,basal
COBwebRCBAUTOS,2026-06-26,14,6,7385.87,31338.24,75,basal
COBwebRCBAUTOS,2026-06-26,15,6,350.0,31688.24,75,basal
COBwebRCBAUTOS,2026-06-26,16,6,16313.25,48001.49,75,basal
COBwebRCBAUTOS,2026-06-26,17,6,9800.31,57801.8,75,basal
COBwebRCBAUTOS,2026-06-26,18,6,0.0,57801.8,75,basal
COBwebRCBAUTOS,2026-06-26,19,6,0.0,57801.8,75,basal
COBwebRCBAUTOS,2026-06-29,8,2,0.0,0.0,78,basal
COBwebRCBAUTOS,2026-06-29,9,2,13718.69,13718.69,78,basal
COBwebRCBAUTOS,2026-06-29,10,2,6442.22,20160.91,78,basal
COBwebRCBAUTOS,2026-06-29,11,2,1100.0,21260.91,78,basal
COBwebRCBAUTOS,2026-06-29,12,2,110.0,21370.91,78,basal
COBwebRCBAUTOS,2026-06-29,13,2,3000.0,24370.91,78,basal
COBwebRCBAUTOS,2026-06-29,14,2,0.0,24370.91,78,basal
COBwebRCBAUTOS,2026-06-29,15,2,0.0,24370.91,78,basal
COBwebRCBAUTOS,2026-06-29,16,2,0.0,24370.91,78,basal
COBwebRCBAUTOS,2026-06-29,17,2,0.0,24370.91,78,basal
COBwebRCBAUTOS,2026-06-29,18,2,0.0,24370.91,78,basal
COBwebRCBAUTOS,2026-06-29,19,2,0.0,24370.91,78,basal
COBwebRCBAUTOS,2026-06-30,8,3,1886.73,1886.73,79,basal
COBwebRCBAUTOS,2026-06-30,9,3,17571.05,19457.78,79,basal
COBwebRCBAUTOS,2026-06-30,10,3,510.44,19968.22,79,basal
COBwebRCBAUTOS,2026-06-30,11,3,102.0,20070.22,79,basal
COBwebRCBAUTOS,2026-06-30,12,3,0.0,20070.22,79,basal
COBwebRCBAUTOS,2026-06-30,13,3,680.0,20750.22,79,basal
COBwebRCBAUTOS,2026-06-30,14,3,1461.58,22211.8,79,basal
COBwebRCBAUTOS,2026-06-30,15,3,150.0,22361.8,79,basal
COBwebRCBAUTOS,2026-06-30,16,3,1000.0,23361.8,79,basal
COBwebRCBAUTOS,2026-06-30,17,3,9972.9,33334.7,79,basal
COBwebRCBAUTOS,2026-06-30,18,3,180.0,33514.7,79,basal
COBwebRCBAUTOS,2026-06-30,19,3,0.0,33514.7,79,basal
COBwebRCBAUTOS,2026-07-01,8,4,9505.01,9505.01,80,basal
COBwebRCBAUTOS,2026-07-01,9,4,16062.63,25567.64,80,basal
COBwebRCBAUTOS,2026-07-01,10,4,2121.0,27688.64,80,basal
COBwebRCBAUTOS,2026-07-01,11,4,2601.85,30290.49,80,basal
COBwebRCBAUTOS,2026-07-01,12,4,798.9,31089.39,80,basal
COBwebRCBAUTOS,2026-07-01,13,4,9257.41,40346.8,80,basal
COBwebRCBAUTOS,2026-07-01,14,4,90.0,40436.8,80,basal
COBwebRCBAUTOS,2026-07-01,15,4,21065.65,61502.45,80,basal
COBwebRCBAUTOS,2026-07-01,16,4,0.0,61502.45,80,basal
COBwebRCBAUTOS,2026-07-01,17,4,0.0,61502.45,80,basal
COBwebRCBAUTOS,2026-07-01,18,4,7455.12,68957.57,80,basal
COBwebRCBAUTOS,2026-07-01,19,4,0.0,68957.57,80,basal
COBwebRCBAUTOS,2026-07-02,8,5,707.67,707.67,81,basal
COBwebRCBAUTOS,2026-07-02,9,5,1844.78,2552.45,81,basal
COBwebRCBAUTOS,2026-07-02,10,5,1925.65,4478.1,81,basal
COBwebRCBAUTOS,2026-07-02,11,5,5057.06,9535.16,81,basal
COBwebRCBAUTOS,2026-07-02,12,5,335.62,9870.78,81,basal
COBwebRCBAUTOS,2026-07-02,13,5,440.0,10310.78,81,basal
COBwebRCBAUTOS,2026-07-02,14,5,15300.0,25610.78,81,basal
COBwebRCBAUTOS,2026-07-02,15,5,1200.0,26810.78,81,basal
COBwebRCBAUTOS,2026-07-02,16,5,0.0,26810.78,81,basal
COBwebRCBAUTOS,2026-07-02,17,5,8430.2,35240.98,81,basal
COBwebRCBAUTOS,2026-07-02,18,5,0.0,35240.98,81,basal
COBwebRCBAUTOS,2026-07-02,19,5,0.0,35240.98,81,basal
COBwebRCBAUTOS,2026-07-03,8,6,0.0,0.0,82,basal
COBwebRCBAUTOS,2026-07-03,9,6,6637.88,6637.88,82,basal
COBwebRCBAUTOS,2026-07-03,10,6,742.42,7380.3,82,basal
COBwebRCBAUTOS,2026-07-03,11,6,0.0,7380.3,82,basal
COBwebRCBAUTOS,2026-07-03,12,6,2531.2,9911.5,82,basal
COBwebRCBAUTOS,2026-07-03,13,6,0.0,9911.5,82,basal
COBwebRCBAUTOS,2026-07-03,14,6,6500.0,16411.5,82,basal
COBwebRCBAUTOS,2026-07-03,15,6,0.0,16411.5,82,basal
COBwebRCBAUTOS,2026-07-03,16,6,4587.04,20998.54,82,basal
COBwebRCBAUTOS,2026-07-03,17,6,12499.93,33498.47,82,basal
COBwebRCBAUTOS,2026-07-03,18,6,0.0,33498.47,82,basal
COBwebRCBAUTOS,2026-07-03,19,6,0.0,33498.47,82,basal
COBwebRCBAUTOS,2026-07-06,8,2,1049.65,1049.65,85,basal
COBwebRCBAUTOS,2026-07-06,9,2,2996.15,4045.8,85,basal
COBwebRCBAUTOS,2026-07-06,10,2,1780.02,5825.82,85,basal
COBwebRCBAUTOS,2026-07-06,11,2,998.95,6824.77,85,basal
COBwebRCBAUTOS,2026-07-06,12,2,1990.85,8815.62,85,basal
COBwebRCBAUTOS,2026-07-06,13,2,5929.92,14745.54,85,basal
COBwebRCBAUTOS,2026-07-06,14,2,0.0,14745.54,85,basal
COBwebRCBAUTOS,2026-07-06,15,2,10674.02,25419.56,85,basal
COBwebRCBAUTOS,2026-07-06,16,2,2593.89,28013.45,85,basal
COBwebRCBAUTOS,2026-07-06,17,2,1219.05,29232.5,85,basal
COBwebRCBAUTOS,2026-07-06,18,2,0.0,29232.5,85,basal
COBwebRCBAUTOS,2026-07-06,19,2,0.0,29232.5,85,basal
COBwebRCBAUTOS,2026-07-07,8,3,1100.0,1100.0,86,basal
COBwebRCBAUTOS,2026-07-07,9,3,566.64,1666.64,86,basal
COBwebRCBAUTOS,2026-07-07,10,3,400.0,2066.64,86,basal
COBwebRCBAUTOS,2026-07-07,11,3,0.0,2066.64,86,basal
COBwebRCBAUTOS,2026-07-07,12,3,0.0,2066.64,86,basal
COBwebRCBAUTOS,2026-07-07,13,3,0.0,2066.64,86,basal
COBwebRCBAUTOS,2026-07-07,14,3,1644.93,3711.57,86,basal
COBwebRCBAUTOS,2026-07-07,15,3,1538.8,5250.37,86,basal
COBwebRCBAUTOS,2026-07-07,16,3,54.0,5304.37,86,basal
COBwebRCBAUTOS,2026-07-07,17,3,1350.75,6655.12,86,basal
COBwebRCBAUTOS,2026-07-07,18,3,0.0,6655.12,86,basal
COBwebRCBAUTOS,2026-07-07,19,3,0.0,6655.12,86,basal
COBwebRCBAUTOS,2026-07-08,8,4,9561.5,9561.5,87,basal
COBwebRCBAUTOS,2026-07-08,9,4,167.95,9729.45,87,basal
COBwebRCBAUTOS,2026-07-08,10,4,3566.27,13295.72,87,basal
COBwebRCBAUTOS,2026-07-08,11,4,5247.82,18543.54,87,basal
COBwebRCBAUTOS,2026-07-08,12,4,0.0,18543.54,87,basal
COBwebRCBAUTOS,2026-07-08,13,4,1480.61,20024.15,87,basal
COBwebRCBAUTOS,2026-07-08,14,4,10476.51,30500.66,87,basal
COBwebRCBAUTOS,2026-07-08,15,4,2013.61,32514.27,87,basal
COBwebRCBAUTOS,2026-07-08,16,4,590.75,33105.02,87,basal
COBwebRCBAUTOS,2026-07-08,17,4,7000.0,40105.02,87,basal
COBwebRCBAUTOS,2026-07-08,18,4,0.0,40105.02,87,basal
COBwebRCBAUTOS,2026-07-08,19,4,0.0,40105.02,87,basal
COBwebRCBAUTOS,2026-07-09,8,5,10544.01,10544.01,0,pos_batimento
COBwebRCBAUTOS,2026-07-09,9,5,1172.03,11716.04,0,pos_batimento
COBwebRCBAUTOS,2026-07-09,10,5,532.8,12248.84,0,pos_batimento
COBwebRCBAUTOS,2026-07-09,11,5,38298.6,50547.44,0,pos_batimento
COBwebRCBAUTOS,2026-07-09,12,5,0.0,50547.44,0,pos_batimento
COBwebRCBAUTOS,2026-07-09,13,5,5301.62,55849.06,0,pos_batimento
COBwebRCBAUTOS,2026-07-09,14,5,938.5,56787.56,0,pos_batimento
COBwebRCBAUTOS,2026-07-09,15,5,600.0,57387.56,0,pos_batimento
COBwebRCBAUTOS,2026-07-09,16,5,1597.26,58984.82,0,pos_batimento
COBwebRCBAUTOS,2026-07-09,17,5,100.0,59084.82,0,pos_batimento
COBwebRCBAUTOS,2026-07-09,18,5,0.0,59084.82,0,pos_batimento
COBwebRCBAUTOS,2026-07-09,19,5,0.0,59084.82,0,pos_batimento
COBwebRCBCONSUMER,2026-03-06,8,6,0.0,0.0,44,basal
COBwebRCBCONSUMER,2026-03-06,9,6,100.0,100.0,44,basal
COBwebRCBCONSUMER,2026-03-06,10,6,643.0,743.0,44,basal
COBwebRCBCONSUMER,2026-03-06,11,6,215.82,958.82,44,basal
COBwebRCBCONSUMER,2026-03-06,12,6,200.0,1158.82,44,basal
COBwebRCBCONSUMER,2026-03-06,13,6,320.78,1479.6,44,basal
COBwebRCBCONSUMER,2026-03-06,14,6,700.0,2179.6,44,basal
COBwebRCBCONSUMER,2026-03-06,15,6,1655.87,3835.47,44,basal
COBwebRCBCONSUMER,2026-03-06,16,6,449.13,4284.6,44,basal
COBwebRCBCONSUMER,2026-03-06,17,6,0.0,4284.6,44,basal
COBwebRCBCONSUMER,2026-03-06,18,6,0.0,4284.6,44,basal
COBwebRCBCONSUMER,2026-03-06,19,6,0.0,4284.6,44,basal
COBwebRCBCONSUMER,2026-03-09,8,2,0.0,0.0,47,basal
COBwebRCBCONSUMER,2026-03-09,9,2,200.0,200.0,47,basal
COBwebRCBCONSUMER,2026-03-09,10,2,633.97,833.97,47,basal
COBwebRCBCONSUMER,2026-03-09,11,2,755.79,1589.76,47,basal
COBwebRCBCONSUMER,2026-03-09,12,2,339.24,1929.0,47,basal
COBwebRCBCONSUMER,2026-03-09,13,2,700.0,2629.0,47,basal
COBwebRCBCONSUMER,2026-03-09,14,2,383.45,3012.45,47,basal
COBwebRCBCONSUMER,2026-03-09,15,2,0.0,3012.45,47,basal
COBwebRCBCONSUMER,2026-03-09,16,2,2095.55,5108.0,47,basal
COBwebRCBCONSUMER,2026-03-09,17,2,578.61,5686.61,47,basal
COBwebRCBCONSUMER,2026-03-09,18,2,100.0,5786.61,47,basal
COBwebRCBCONSUMER,2026-03-09,19,2,163.02,5949.63,47,basal
COBwebRCBCONSUMER,2026-03-10,8,3,0.0,0.0,0,pos_batimento
COBwebRCBCONSUMER,2026-03-10,9,3,1220.0,1220.0,0,pos_batimento
COBwebRCBCONSUMER,2026-03-10,10,3,0.0,1220.0,0,pos_batimento
COBwebRCBCONSUMER,2026-03-10,11,3,1230.82,2450.82,0,pos_batimento
COBwebRCBCONSUMER,2026-03-10,12,3,0.0,2450.82,0,pos_batimento
COBwebRCBCONSUMER,2026-03-10,13,3,0.0,2450.82,0,pos_batimento
COBwebRCBCONSUMER,2026-03-10,14,3,377.99,2828.81,0,pos_batimento
COBwebRCBCONSUMER,2026-03-10,15,3,800.0,3628.81,0,pos_batimento
COBwebRCBCONSUMER,2026-03-10,16,3,20.0,3648.81,0,pos_batimento
COBwebRCBCONSUMER,2026-03-10,17,3,120.0,3768.81,0,pos_batimento
COBwebRCBCONSUMER,2026-03-10,18,3,0.0,3768.81,0,pos_batimento
COBwebRCBCONSUMER,2026-03-10,19,3,0.0,3768.81,0,pos_batimento
COBwebRCBCONSUMER,2026-03-11,8,4,0.0,0.0,1,pos_batimento
COBwebRCBCONSUMER,2026-03-11,9,4,0.0,0.0,1,pos_batimento
COBwebRCBCONSUMER,2026-03-11,10,4,100.0,100.0,1,pos_batimento
COBwebRCBCONSUMER,2026-03-11,11,4,189.34,289.34,1,pos_batimento
COBwebRCBCONSUMER,2026-03-11,12,4,150.0,439.34,1,pos_batimento
COBwebRCBCONSUMER,2026-03-11,13,4,0.0,439.34,1,pos_batimento
COBwebRCBCONSUMER,2026-03-11,14,4,550.0,989.34,1,pos_batimento
COBwebRCBCONSUMER,2026-03-11,15,4,1649.89,2639.23,1,pos_batimento
COBwebRCBCONSUMER,2026-03-11,16,4,1185.0,3824.23,1,pos_batimento
COBwebRCBCONSUMER,2026-03-11,17,4,653.51,4477.74,1,pos_batimento
COBwebRCBCONSUMER,2026-03-11,18,4,0.0,4477.74,1,pos_batimento
COBwebRCBCONSUMER,2026-03-11,19,4,150.0,4627.74,1,pos_batimento
COBwebRCBCONSUMER,2026-03-12,8,5,687.1,687.1,2,pos_batimento
COBwebRCBCONSUMER,2026-03-12,9,5,0.0,687.1,2,pos_batimento
COBwebRCBCONSUMER,2026-03-12,10,5,112.0,799.1,2,pos_batimento
COBwebRCBCONSUMER,2026-03-12,11,5,60.0,859.1,2,pos_batimento
COBwebRCBCONSUMER,2026-03-12,12,5,0.0,859.1,2,pos_batimento
COBwebRCBCONSUMER,2026-03-12,13,5,115.0,974.1,2,pos_batimento
COBwebRCBCONSUMER,2026-03-12,14,5,0.0,974.1,2,pos_batimento
COBwebRCBCONSUMER,2026-03-12,15,5,438.78,1412.88,2,pos_batimento
COBwebRCBCONSUMER,2026-03-12,16,5,1689.31,3102.19,2,pos_batimento
COBwebRCBCONSUMER,2026-03-12,17,5,77.0,3179.19,2,pos_batimento
COBwebRCBCONSUMER,2026-03-12,18,5,124.25,3303.44,2,pos_batimento
COBwebRCBCONSUMER,2026-03-12,19,5,0.0,3303.44,2,pos_batimento
COBwebRCBCONSUMER,2026-03-13,8,6,0.0,0.0,3,pos_batimento
COBwebRCBCONSUMER,2026-03-13,9,6,326.97,326.97,3,pos_batimento
COBwebRCBCONSUMER,2026-03-13,10,6,0.0,326.97,3,pos_batimento
COBwebRCBCONSUMER,2026-03-13,11,6,100.0,426.97,3,pos_batimento
COBwebRCBCONSUMER,2026-03-13,12,6,0.0,426.97,3,pos_batimento
COBwebRCBCONSUMER,2026-03-13,13,6,940.0,1366.97,3,pos_batimento
COBwebRCBCONSUMER,2026-03-13,14,6,0.0,1366.97,3,pos_batimento
COBwebRCBCONSUMER,2026-03-13,15,6,380.0,1746.97,3,pos_batimento
COBwebRCBCONSUMER,2026-03-13,16,6,44768.94,46515.91,3,pos_batimento
COBwebRCBCONSUMER,2026-03-13,17,6,1441.49,47957.4,3,pos_batimento
COBwebRCBCONSUMER,2026-03-13,18,6,0.0,47957.4,3,pos_batimento
COBwebRCBCONSUMER,2026-03-13,19,6,0.0,47957.4,3,pos_batimento
COBwebRCBCONSUMER,2026-03-16,8,2,0.0,0.0,6,absorcao
COBwebRCBCONSUMER,2026-03-16,9,2,0.0,0.0,6,absorcao
COBwebRCBCONSUMER,2026-03-16,10,2,1535.71,1535.71,6,absorcao
COBwebRCBCONSUMER,2026-03-16,11,2,880.03,2415.74,6,absorcao
COBwebRCBCONSUMER,2026-03-16,12,2,185.0,2600.74,6,absorcao
COBwebRCBCONSUMER,2026-03-16,13,2,0.0,2600.74,6,absorcao
COBwebRCBCONSUMER,2026-03-16,14,2,0.0,2600.74,6,absorcao
COBwebRCBCONSUMER,2026-03-16,15,2,100.0,2700.74,6,absorcao
COBwebRCBCONSUMER,2026-03-16,16,2,35.0,2735.74,6,absorcao
COBwebRCBCONSUMER,2026-03-16,17,2,0.0,2735.74,6,absorcao
COBwebRCBCONSUMER,2026-03-16,18,2,649.85,3385.59,6,absorcao
COBwebRCBCONSUMER,2026-03-16,19,2,0.0,3385.59,6,absorcao
COBwebRCBCONSUMER,2026-03-17,8,3,0.0,0.0,7,absorcao
COBwebRCBCONSUMER,2026-03-17,9,3,0.0,0.0,7,absorcao
COBwebRCBCONSUMER,2026-03-17,10,3,317.98,317.98,7,absorcao
COBwebRCBCONSUMER,2026-03-17,11,3,0.0,317.98,7,absorcao
COBwebRCBCONSUMER,2026-03-17,12,3,0.0,317.98,7,absorcao
COBwebRCBCONSUMER,2026-03-17,13,3,160.0,477.98,7,absorcao
COBwebRCBCONSUMER,2026-03-17,14,3,788.23,1266.21,7,absorcao
COBwebRCBCONSUMER,2026-03-17,15,3,411.66,1677.87,7,absorcao
COBwebRCBCONSUMER,2026-03-17,16,3,431.43,2109.3,7,absorcao
COBwebRCBCONSUMER,2026-03-17,17,3,1095.38,3204.68,7,absorcao
COBwebRCBCONSUMER,2026-03-17,18,3,665.43,3870.11,7,absorcao
COBwebRCBCONSUMER,2026-03-17,19,3,0.0,3870.11,7,absorcao
COBwebRCBCONSUMER,2026-03-18,8,4,475.0,475.0,8,absorcao
COBwebRCBCONSUMER,2026-03-18,9,4,0.0,475.0,8,absorcao
COBwebRCBCONSUMER,2026-03-18,10,4,0.0,475.0,8,absorcao
COBwebRCBCONSUMER,2026-03-18,11,4,185.9,660.9,8,absorcao
COBwebRCBCONSUMER,2026-03-18,12,4,0.0,660.9,8,absorcao
COBwebRCBCONSUMER,2026-03-18,13,4,448.0,1108.9,8,absorcao
COBwebRCBCONSUMER,2026-03-18,14,4,470.0,1578.9,8,absorcao
COBwebRCBCONSUMER,2026-03-18,15,4,105.85,1684.75,8,absorcao
COBwebRCBCONSUMER,2026-03-18,16,4,0.0,1684.75,8,absorcao
COBwebRCBCONSUMER,2026-03-18,17,4,167.55,1852.3,8,absorcao
COBwebRCBCONSUMER,2026-03-18,18,4,408.56,2260.86,8,absorcao
COBwebRCBCONSUMER,2026-03-18,19,4,0.0,2260.86,8,absorcao
COBwebRCBCONSUMER,2026-03-19,8,5,161.48,161.48,9,absorcao
COBwebRCBCONSUMER,2026-03-19,9,5,405.0,566.48,9,absorcao
COBwebRCBCONSUMER,2026-03-19,10,5,400.0,966.48,9,absorcao
COBwebRCBCONSUMER,2026-03-19,11,5,153.0,1119.48,9,absorcao
COBwebRCBCONSUMER,2026-03-19,12,5,202.45,1321.93,9,absorcao
COBwebRCBCONSUMER,2026-03-19,13,5,141.0,1462.93,9,absorcao
COBwebRCBCONSUMER,2026-03-19,14,5,816.14,2279.07,9,absorcao
COBwebRCBCONSUMER,2026-03-19,15,5,619.22,2898.29,9,absorcao
COBwebRCBCONSUMER,2026-03-19,16,5,181.68,3079.97,9,absorcao
COBwebRCBCONSUMER,2026-03-19,17,5,193.15,3273.12,9,absorcao
COBwebRCBCONSUMER,2026-03-19,18,5,332.07,3605.19,9,absorcao
COBwebRCBCONSUMER,2026-03-19,19,5,0.0,3605.19,9,absorcao
COBwebRCBCONSUMER,2026-03-20,8,6,0.0,0.0,10,absorcao
COBwebRCBCONSUMER,2026-03-20,9,6,400.0,400.0,10,absorcao
COBwebRCBCONSUMER,2026-03-20,10,6,914.63,1314.63,10,absorcao
COBwebRCBCONSUMER,2026-03-20,11,6,1394.81,2709.44,10,absorcao
COBwebRCBCONSUMER,2026-03-20,12,6,0.0,2709.44,10,absorcao
COBwebRCBCONSUMER,2026-03-20,13,6,480.0,3189.44,10,absorcao
COBwebRCBCONSUMER,2026-03-20,14,6,100.0,3289.44,10,absorcao
COBwebRCBCONSUMER,2026-03-20,15,6,700.0,3989.44,10,absorcao
COBwebRCBCONSUMER,2026-03-20,16,6,570.78,4560.22,10,absorcao
COBwebRCBCONSUMER,2026-03-20,17,6,0.0,4560.22,10,absorcao
COBwebRCBCONSUMER,2026-03-20,18,6,0.0,4560.22,10,absorcao
COBwebRCBCONSUMER,2026-03-20,19,6,0.0,4560.22,10,absorcao
COBwebRCBCONSUMER,2026-03-23,8,2,0.0,0.0,13,absorcao
COBwebRCBCONSUMER,2026-03-23,9,2,0.0,0.0,13,absorcao
COBwebRCBCONSUMER,2026-03-23,10,2,6955.36,6955.36,13,absorcao
COBwebRCBCONSUMER,2026-03-23,11,2,108.27,7063.63,13,absorcao
COBwebRCBCONSUMER,2026-03-23,12,2,152.19,7215.82,13,absorcao
COBwebRCBCONSUMER,2026-03-23,13,2,500.0,7715.82,13,absorcao
COBwebRCBCONSUMER,2026-03-23,14,2,60.0,7775.82,13,absorcao
COBwebRCBCONSUMER,2026-03-23,15,2,100.0,7875.82,13,absorcao
COBwebRCBCONSUMER,2026-03-23,16,2,0.0,7875.82,13,absorcao
COBwebRCBCONSUMER,2026-03-23,17,2,2314.4,10190.22,13,absorcao
COBwebRCBCONSUMER,2026-03-23,18,2,0.0,10190.22,13,absorcao
COBwebRCBCONSUMER,2026-03-23,19,2,0.0,10190.22,13,absorcao
COBwebRCBCONSUMER,2026-03-24,8,3,0.0,0.0,14,absorcao
COBwebRCBCONSUMER,2026-03-24,9,3,80.0,80.0,14,absorcao
COBwebRCBCONSUMER,2026-03-24,10,3,198.0,278.0,14,absorcao
COBwebRCBCONSUMER,2026-03-24,11,3,200.0,478.0,14,absorcao
COBwebRCBCONSUMER,2026-03-24,12,3,500.0,978.0,14,absorcao
COBwebRCBCONSUMER,2026-03-24,13,3,798.32,1776.32,14,absorcao
COBwebRCBCONSUMER,2026-03-24,14,3,484.88,2261.2,14,absorcao
COBwebRCBCONSUMER,2026-03-24,15,3,274.97,2536.17,14,absorcao
COBwebRCBCONSUMER,2026-03-24,16,3,150.0,2686.17,14,absorcao
COBwebRCBCONSUMER,2026-03-24,17,3,669.92,3356.09,14,absorcao
COBwebRCBCONSUMER,2026-03-24,18,3,225.59,3581.68,14,absorcao
COBwebRCBCONSUMER,2026-03-24,19,3,0.0,3581.68,14,absorcao
COBwebRCBCONSUMER,2026-03-25,8,4,113.88,113.88,15,absorcao
COBwebRCBCONSUMER,2026-03-25,9,4,330.75,444.63,15,absorcao
COBwebRCBCONSUMER,2026-03-25,10,4,0.0,444.63,15,absorcao
COBwebRCBCONSUMER,2026-03-25,11,4,0.0,444.63,15,absorcao
COBwebRCBCONSUMER,2026-03-25,12,4,0.0,444.63,15,absorcao
COBwebRCBCONSUMER,2026-03-25,13,4,500.0,944.63,15,absorcao
COBwebRCBCONSUMER,2026-03-25,14,4,65.0,1009.63,15,absorcao
COBwebRCBCONSUMER,2026-03-25,15,4,250.0,1259.63,15,absorcao
COBwebRCBCONSUMER,2026-03-25,16,4,0.0,1259.63,15,absorcao
COBwebRCBCONSUMER,2026-03-25,17,4,0.0,1259.63,15,absorcao
COBwebRCBCONSUMER,2026-03-25,18,4,0.0,1259.63,15,absorcao
COBwebRCBCONSUMER,2026-03-25,19,4,0.0,1259.63,15,absorcao
COBwebRCBCONSUMER,2026-03-26,8,5,0.0,0.0,16,basal
COBwebRCBCONSUMER,2026-03-26,9,5,75.0,75.0,16,basal
COBwebRCBCONSUMER,2026-03-26,10,5,0.0,75.0,16,basal
COBwebRCBCONSUMER,2026-03-26,11,5,299.9,374.9,16,basal
COBwebRCBCONSUMER,2026-03-26,12,5,100.0,474.9,16,basal
COBwebRCBCONSUMER,2026-03-26,13,5,0.0,474.9,16,basal
COBwebRCBCONSUMER,2026-03-26,14,5,79.26,554.16,16,basal
COBwebRCBCONSUMER,2026-03-26,15,5,132.46,686.62,16,basal
COBwebRCBCONSUMER,2026-03-26,16,5,0.0,686.62,16,basal
COBwebRCBCONSUMER,2026-03-26,17,5,410.0,1096.62,16,basal
COBwebRCBCONSUMER,2026-03-26,18,5,313.21,1409.83,16,basal
COBwebRCBCONSUMER,2026-03-26,19,5,0.0,1409.83,16,basal
COBwebRCBCONSUMER,2026-03-27,8,6,1000.0,1000.0,17,basal
COBwebRCBCONSUMER,2026-03-27,9,6,1397.09,2397.09,17,basal
COBwebRCBCONSUMER,2026-03-27,10,6,200.0,2597.09,17,basal
COBwebRCBCONSUMER,2026-03-27,11,6,270.0,2867.09,17,basal
COBwebRCBCONSUMER,2026-03-27,12,6,0.0,2867.09,17,basal
COBwebRCBCONSUMER,2026-03-27,13,6,0.0,2867.09,17,basal
COBwebRCBCONSUMER,2026-03-27,14,6,0.0,2867.09,17,basal
COBwebRCBCONSUMER,2026-03-27,15,6,155.51,3022.6,17,basal
COBwebRCBCONSUMER,2026-03-27,16,6,549.85,3572.45,17,basal
COBwebRCBCONSUMER,2026-03-27,17,6,700.0,4272.45,17,basal
COBwebRCBCONSUMER,2026-03-27,18,6,0.0,4272.45,17,basal
COBwebRCBCONSUMER,2026-03-27,19,6,570.0,4842.45,17,basal
COBwebRCBCONSUMER,2026-03-30,8,2,0.0,0.0,20,basal
COBwebRCBCONSUMER,2026-03-30,9,2,481.29,481.29,20,basal
COBwebRCBCONSUMER,2026-03-30,10,2,0.0,481.29,20,basal
COBwebRCBCONSUMER,2026-03-30,11,2,192.8,674.09,20,basal
COBwebRCBCONSUMER,2026-03-30,12,2,0.0,674.09,20,basal
COBwebRCBCONSUMER,2026-03-30,13,2,0.0,674.09,20,basal
COBwebRCBCONSUMER,2026-03-30,14,2,0.0,674.09,20,basal
COBwebRCBCONSUMER,2026-03-30,15,2,0.0,674.09,20,basal
COBwebRCBCONSUMER,2026-03-30,16,2,0.0,674.09,20,basal
COBwebRCBCONSUMER,2026-03-30,17,2,0.0,674.09,20,basal
COBwebRCBCONSUMER,2026-03-30,18,2,0.0,674.09,20,basal
COBwebRCBCONSUMER,2026-03-30,19,2,60.0,734.09,20,basal
COBwebRCBCONSUMER,2026-03-31,8,3,0.0,0.0,21,basal
COBwebRCBCONSUMER,2026-03-31,9,3,456.26,456.26,21,basal
COBwebRCBCONSUMER,2026-03-31,10,3,0.0,456.26,21,basal
COBwebRCBCONSUMER,2026-03-31,11,3,0.0,456.26,21,basal
COBwebRCBCONSUMER,2026-03-31,12,3,1689.0,2145.26,21,basal
COBwebRCBCONSUMER,2026-03-31,13,3,400.0,2545.26,21,basal
COBwebRCBCONSUMER,2026-03-31,14,3,180.0,2725.26,21,basal
COBwebRCBCONSUMER,2026-03-31,15,3,122.0,2847.26,21,basal
COBwebRCBCONSUMER,2026-03-31,16,3,200.0,3047.26,21,basal
COBwebRCBCONSUMER,2026-03-31,17,3,625.21,3672.47,21,basal
COBwebRCBCONSUMER,2026-03-31,18,3,0.0,3672.47,21,basal
COBwebRCBCONSUMER,2026-03-31,19,3,0.0,3672.47,21,basal
COBwebRCBCONSUMER,2026-04-01,8,4,0.0,0.0,22,basal
COBwebRCBCONSUMER,2026-04-01,9,4,0.0,0.0,22,basal
COBwebRCBCONSUMER,2026-04-01,10,4,0.0,0.0,22,basal
COBwebRCBCONSUMER,2026-04-01,11,4,623.73,623.73,22,basal
COBwebRCBCONSUMER,2026-04-01,12,4,0.0,623.73,22,basal
COBwebRCBCONSUMER,2026-04-01,13,4,0.0,623.73,22,basal
COBwebRCBCONSUMER,2026-04-01,14,4,521.73,1145.46,22,basal
COBwebRCBCONSUMER,2026-04-01,15,4,183.0,1328.46,22,basal
COBwebRCBCONSUMER,2026-04-01,16,4,0.0,1328.46,22,basal
COBwebRCBCONSUMER,2026-04-01,17,4,411.02,1739.48,22,basal
COBwebRCBCONSUMER,2026-04-01,18,4,0.0,1739.48,22,basal
COBwebRCBCONSUMER,2026-04-01,19,4,0.0,1739.48,22,basal
COBwebRCBCONSUMER,2026-04-02,8,5,1381.62,1381.62,23,basal
COBwebRCBCONSUMER,2026-04-02,9,5,501.37,1882.99,23,basal
COBwebRCBCONSUMER,2026-04-02,10,5,105.0,1987.99,23,basal
COBwebRCBCONSUMER,2026-04-02,11,5,150.0,2137.99,23,basal
COBwebRCBCONSUMER,2026-04-02,12,5,640.0,2777.99,23,basal
COBwebRCBCONSUMER,2026-04-02,13,5,60.0,2837.99,23,basal
COBwebRCBCONSUMER,2026-04-02,14,5,0.0,2837.99,23,basal
COBwebRCBCONSUMER,2026-04-02,15,5,360.73,3198.72,23,basal
COBwebRCBCONSUMER,2026-04-02,16,5,919.33,4118.05,23,basal
COBwebRCBCONSUMER,2026-04-02,17,5,0.0,4118.05,23,basal
COBwebRCBCONSUMER,2026-04-02,18,5,0.0,4118.05,23,basal
COBwebRCBCONSUMER,2026-04-02,19,5,0.0,4118.05,23,basal
COBwebRCBCONSUMER,2026-04-03,8,6,0.0,0.0,24,basal
COBwebRCBCONSUMER,2026-04-03,9,6,0.0,0.0,24,basal
COBwebRCBCONSUMER,2026-04-03,10,6,0.0,0.0,24,basal
COBwebRCBCONSUMER,2026-04-03,11,6,0.0,0.0,24,basal
COBwebRCBCONSUMER,2026-04-03,12,6,0.0,0.0,24,basal
COBwebRCBCONSUMER,2026-04-03,13,6,0.0,0.0,24,basal
COBwebRCBCONSUMER,2026-04-03,14,6,0.0,0.0,24,basal
COBwebRCBCONSUMER,2026-04-03,15,6,0.0,0.0,24,basal
COBwebRCBCONSUMER,2026-04-03,16,6,0.0,0.0,24,basal
COBwebRCBCONSUMER,2026-04-03,17,6,0.0,0.0,24,basal
COBwebRCBCONSUMER,2026-04-03,18,6,0.0,0.0,24,basal
COBwebRCBCONSUMER,2026-04-03,19,6,0.0,0.0,24,basal
COBwebRCBCONSUMER,2026-04-06,8,2,0.0,0.0,1,pos_batimento
COBwebRCBCONSUMER,2026-04-06,9,2,1200.0,1200.0,1,pos_batimento
COBwebRCBCONSUMER,2026-04-06,10,2,0.0,1200.0,1,pos_batimento
COBwebRCBCONSUMER,2026-04-06,11,2,188.48,1388.48,1,pos_batimento
COBwebRCBCONSUMER,2026-04-06,12,2,0.0,1388.48,1,pos_batimento
COBwebRCBCONSUMER,2026-04-06,13,2,1143.39,2531.87,1,pos_batimento
COBwebRCBCONSUMER,2026-04-06,14,2,216.07,2747.94,1,pos_batimento
COBwebRCBCONSUMER,2026-04-06,15,2,11085.08,13833.02,1,pos_batimento
COBwebRCBCONSUMER,2026-04-06,16,2,0.0,13833.02,1,pos_batimento
COBwebRCBCONSUMER,2026-04-06,17,2,0.0,13833.02,1,pos_batimento
COBwebRCBCONSUMER,2026-04-06,18,2,0.0,13833.02,1,pos_batimento
COBwebRCBCONSUMER,2026-04-06,19,2,188.06,14021.08,1,pos_batimento
COBwebRCBCONSUMER,2026-04-07,8,3,0.0,0.0,2,pos_batimento
COBwebRCBCONSUMER,2026-04-07,9,3,0.0,0.0,2,pos_batimento
COBwebRCBCONSUMER,2026-04-07,10,3,308.06,308.06,2,pos_batimento
COBwebRCBCONSUMER,2026-04-07,11,3,0.0,308.06,2,pos_batimento
COBwebRCBCONSUMER,2026-04-07,12,3,0.0,308.06,2,pos_batimento
COBwebRCBCONSUMER,2026-04-07,13,3,0.0,308.06,2,pos_batimento
COBwebRCBCONSUMER,2026-04-07,14,3,241.61,549.67,2,pos_batimento
COBwebRCBCONSUMER,2026-04-07,15,3,756.28,1305.95,2,pos_batimento
COBwebRCBCONSUMER,2026-04-07,16,3,300.0,1605.95,2,pos_batimento
COBwebRCBCONSUMER,2026-04-07,17,3,152.47,1758.42,2,pos_batimento
COBwebRCBCONSUMER,2026-04-07,18,3,60.0,1818.42,2,pos_batimento
COBwebRCBCONSUMER,2026-04-07,19,3,0.0,1818.42,2,pos_batimento
COBwebRCBCONSUMER,2026-04-08,8,4,151.29,151.29,3,pos_batimento
COBwebRCBCONSUMER,2026-04-08,9,4,0.0,151.29,3,pos_batimento
COBwebRCBCONSUMER,2026-04-08,10,4,163.0,314.29,3,pos_batimento
COBwebRCBCONSUMER,2026-04-08,11,4,1074.41,1388.7,3,pos_batimento
COBwebRCBCONSUMER,2026-04-08,12,4,186.98,1575.68,3,pos_batimento
COBwebRCBCONSUMER,2026-04-08,13,4,90.58,1666.26,3,pos_batimento
COBwebRCBCONSUMER,2026-04-08,14,4,119.72,1785.98,3,pos_batimento
COBwebRCBCONSUMER,2026-04-08,15,4,0.0,1785.98,3,pos_batimento
COBwebRCBCONSUMER,2026-04-08,16,4,0.0,1785.98,3,pos_batimento
COBwebRCBCONSUMER,2026-04-08,17,4,190.0,1975.98,3,pos_batimento
COBwebRCBCONSUMER,2026-04-08,18,4,0.0,1975.98,3,pos_batimento
COBwebRCBCONSUMER,2026-04-08,19,4,0.0,1975.98,3,pos_batimento
COBwebRCBCONSUMER,2026-04-09,8,5,0.0,0.0,4,pos_batimento
COBwebRCBCONSUMER,2026-04-09,9,5,66.0,66.0,4,pos_batimento
COBwebRCBCONSUMER,2026-04-09,10,5,130.0,196.0,4,pos_batimento
COBwebRCBCONSUMER,2026-04-09,11,5,130.0,326.0,4,pos_batimento
COBwebRCBCONSUMER,2026-04-09,12,5,0.0,326.0,4,pos_batimento
COBwebRCBCONSUMER,2026-04-09,13,5,0.0,326.0,4,pos_batimento
COBwebRCBCONSUMER,2026-04-09,14,5,248.53,574.53,4,pos_batimento
COBwebRCBCONSUMER,2026-04-09,15,5,1767.17,2341.7,4,pos_batimento
COBwebRCBCONSUMER,2026-04-09,16,5,616.09,2957.79,4,pos_batimento
COBwebRCBCONSUMER,2026-04-09,17,5,50.0,3007.79,4,pos_batimento
COBwebRCBCONSUMER,2026-04-09,18,5,0.0,3007.79,4,pos_batimento
COBwebRCBCONSUMER,2026-04-09,19,5,0.0,3007.79,4,pos_batimento
COBwebRCBCONSUMER,2026-04-10,8,6,0.0,0.0,5,pos_batimento
COBwebRCBCONSUMER,2026-04-10,9,6,68.84,68.84,5,pos_batimento
COBwebRCBCONSUMER,2026-04-10,10,6,2299.86,2368.7,5,pos_batimento
COBwebRCBCONSUMER,2026-04-10,11,6,1032.78,3401.48,5,pos_batimento
COBwebRCBCONSUMER,2026-04-10,12,6,0.0,3401.48,5,pos_batimento
COBwebRCBCONSUMER,2026-04-10,13,6,0.0,3401.48,5,pos_batimento
COBwebRCBCONSUMER,2026-04-10,14,6,50.0,3451.48,5,pos_batimento
COBwebRCBCONSUMER,2026-04-10,15,6,100.0,3551.48,5,pos_batimento
COBwebRCBCONSUMER,2026-04-10,16,6,0.0,3551.48,5,pos_batimento
COBwebRCBCONSUMER,2026-04-10,17,6,0.0,3551.48,5,pos_batimento
COBwebRCBCONSUMER,2026-04-10,18,6,0.0,3551.48,5,pos_batimento
COBwebRCBCONSUMER,2026-04-10,19,6,0.0,3551.48,5,pos_batimento
COBwebRCBCONSUMER,2026-04-13,8,2,0.0,0.0,8,absorcao
COBwebRCBCONSUMER,2026-04-13,9,2,0.0,0.0,8,absorcao
COBwebRCBCONSUMER,2026-04-13,10,2,0.0,0.0,8,absorcao
COBwebRCBCONSUMER,2026-04-13,11,2,182.07,182.07,8,absorcao
COBwebRCBCONSUMER,2026-04-13,12,2,0.0,182.07,8,absorcao
COBwebRCBCONSUMER,2026-04-13,13,2,0.0,182.07,8,absorcao
COBwebRCBCONSUMER,2026-04-13,14,2,371.54,553.61,8,absorcao
COBwebRCBCONSUMER,2026-04-13,15,2,128.5,682.11,8,absorcao
COBwebRCBCONSUMER,2026-04-13,16,2,0.0,682.11,8,absorcao
COBwebRCBCONSUMER,2026-04-13,17,2,0.0,682.11,8,absorcao
COBwebRCBCONSUMER,2026-04-13,18,2,0.0,682.11,8,absorcao
COBwebRCBCONSUMER,2026-04-13,19,2,0.0,682.11,8,absorcao
COBwebRCBCONSUMER,2026-04-14,8,3,0.0,0.0,9,absorcao
COBwebRCBCONSUMER,2026-04-14,9,3,0.0,0.0,9,absorcao
COBwebRCBCONSUMER,2026-04-14,10,3,0.0,0.0,9,absorcao
COBwebRCBCONSUMER,2026-04-14,11,3,0.0,0.0,9,absorcao
COBwebRCBCONSUMER,2026-04-14,12,3,200.0,200.0,9,absorcao
COBwebRCBCONSUMER,2026-04-14,13,3,200.0,400.0,9,absorcao
COBwebRCBCONSUMER,2026-04-14,14,3,4620.0,5020.0,9,absorcao
COBwebRCBCONSUMER,2026-04-14,15,3,911.7,5931.7,9,absorcao
COBwebRCBCONSUMER,2026-04-14,16,3,914.48,6846.18,9,absorcao
COBwebRCBCONSUMER,2026-04-14,17,3,177.43,7023.61,9,absorcao
COBwebRCBCONSUMER,2026-04-14,18,3,180.0,7203.61,9,absorcao
COBwebRCBCONSUMER,2026-04-14,19,3,0.0,7203.61,9,absorcao
COBwebRCBCONSUMER,2026-04-15,8,4,0.0,0.0,10,absorcao
COBwebRCBCONSUMER,2026-04-15,9,4,159.97,159.97,10,absorcao
COBwebRCBCONSUMER,2026-04-15,10,4,150.19,310.16,10,absorcao
COBwebRCBCONSUMER,2026-04-15,11,4,0.0,310.16,10,absorcao
COBwebRCBCONSUMER,2026-04-15,12,4,0.0,310.16,10,absorcao
COBwebRCBCONSUMER,2026-04-15,13,4,0.0,310.16,10,absorcao
COBwebRCBCONSUMER,2026-04-15,14,4,817.15,1127.31,10,absorcao
COBwebRCBCONSUMER,2026-04-15,15,4,72.0,1199.31,10,absorcao
COBwebRCBCONSUMER,2026-04-15,16,4,0.0,1199.31,10,absorcao
COBwebRCBCONSUMER,2026-04-15,17,4,0.0,1199.31,10,absorcao
COBwebRCBCONSUMER,2026-04-15,18,4,0.0,1199.31,10,absorcao
COBwebRCBCONSUMER,2026-04-15,19,4,0.0,1199.31,10,absorcao
COBwebRCBCONSUMER,2026-04-16,8,5,0.0,0.0,11,absorcao
COBwebRCBCONSUMER,2026-04-16,9,5,724.67,724.67,11,absorcao
COBwebRCBCONSUMER,2026-04-16,10,5,110.0,834.67,11,absorcao
COBwebRCBCONSUMER,2026-04-16,11,5,0.0,834.67,11,absorcao
COBwebRCBCONSUMER,2026-04-16,12,5,0.0,834.67,11,absorcao
COBwebRCBCONSUMER,2026-04-16,13,5,770.8,1605.47,11,absorcao
COBwebRCBCONSUMER,2026-04-16,14,5,290.94,1896.41,11,absorcao
COBwebRCBCONSUMER,2026-04-16,15,5,0.0,1896.41,11,absorcao
COBwebRCBCONSUMER,2026-04-16,16,5,0.0,1896.41,11,absorcao
COBwebRCBCONSUMER,2026-04-16,17,5,393.68,2290.09,11,absorcao
COBwebRCBCONSUMER,2026-04-16,18,5,0.0,2290.09,11,absorcao
COBwebRCBCONSUMER,2026-04-16,19,5,0.0,2290.09,11,absorcao
COBwebRCBCONSUMER,2026-04-17,8,6,0.0,0.0,12,absorcao
COBwebRCBCONSUMER,2026-04-17,9,6,0.0,0.0,12,absorcao
COBwebRCBCONSUMER,2026-04-17,10,6,532.0,532.0,12,absorcao
COBwebRCBCONSUMER,2026-04-17,11,6,279.56,811.56,12,absorcao
COBwebRCBCONSUMER,2026-04-17,12,6,0.0,811.56,12,absorcao
COBwebRCBCONSUMER,2026-04-17,13,6,67.0,878.56,12,absorcao
COBwebRCBCONSUMER,2026-04-17,14,6,1722.59,2601.15,12,absorcao
COBwebRCBCONSUMER,2026-04-17,15,6,9955.7,12556.85,12,absorcao
COBwebRCBCONSUMER,2026-04-17,16,6,0.0,12556.85,12,absorcao
COBwebRCBCONSUMER,2026-04-17,17,6,0.0,12556.85,12,absorcao
COBwebRCBCONSUMER,2026-04-17,18,6,0.0,12556.85,12,absorcao
COBwebRCBCONSUMER,2026-04-17,19,6,0.0,12556.85,12,absorcao
COBwebRCBCONSUMER,2026-04-20,8,2,0.0,0.0,15,absorcao
COBwebRCBCONSUMER,2026-04-20,9,2,0.0,0.0,15,absorcao
COBwebRCBCONSUMER,2026-04-20,10,2,0.0,0.0,15,absorcao
COBwebRCBCONSUMER,2026-04-20,11,2,0.0,0.0,15,absorcao
COBwebRCBCONSUMER,2026-04-20,12,2,0.0,0.0,15,absorcao
COBwebRCBCONSUMER,2026-04-20,13,2,0.0,0.0,15,absorcao
COBwebRCBCONSUMER,2026-04-20,14,2,305.0,305.0,15,absorcao
COBwebRCBCONSUMER,2026-04-20,15,2,516.8,821.8,15,absorcao
COBwebRCBCONSUMER,2026-04-20,16,2,452.0,1273.8,15,absorcao
COBwebRCBCONSUMER,2026-04-20,17,2,0.0,1273.8,15,absorcao
COBwebRCBCONSUMER,2026-04-20,18,2,0.0,1273.8,15,absorcao
COBwebRCBCONSUMER,2026-04-20,19,2,0.0,1273.8,15,absorcao
COBwebRCBCONSUMER,2026-04-21,8,3,0.0,0.0,16,basal
COBwebRCBCONSUMER,2026-04-21,9,3,0.0,0.0,16,basal
COBwebRCBCONSUMER,2026-04-21,10,3,0.0,0.0,16,basal
COBwebRCBCONSUMER,2026-04-21,11,3,0.0,0.0,16,basal
COBwebRCBCONSUMER,2026-04-21,12,3,0.0,0.0,16,basal
COBwebRCBCONSUMER,2026-04-21,13,3,0.0,0.0,16,basal
COBwebRCBCONSUMER,2026-04-21,14,3,0.0,0.0,16,basal
COBwebRCBCONSUMER,2026-04-21,15,3,0.0,0.0,16,basal
COBwebRCBCONSUMER,2026-04-21,16,3,0.0,0.0,16,basal
COBwebRCBCONSUMER,2026-04-21,17,3,0.0,0.0,16,basal
COBwebRCBCONSUMER,2026-04-21,18,3,0.0,0.0,16,basal
COBwebRCBCONSUMER,2026-04-21,19,3,0.0,0.0,16,basal
COBwebRCBCONSUMER,2026-04-22,8,4,0.0,0.0,17,basal
COBwebRCBCONSUMER,2026-04-22,9,4,110.0,110.0,17,basal
COBwebRCBCONSUMER,2026-04-22,10,4,0.0,110.0,17,basal
COBwebRCBCONSUMER,2026-04-22,11,4,0.0,110.0,17,basal
COBwebRCBCONSUMER,2026-04-22,12,4,284.1,394.1,17,basal
COBwebRCBCONSUMER,2026-04-22,13,4,223.31,617.41,17,basal
COBwebRCBCONSUMER,2026-04-22,14,4,8006.04,8623.45,17,basal
COBwebRCBCONSUMER,2026-04-22,15,4,0.0,8623.45,17,basal
COBwebRCBCONSUMER,2026-04-22,16,4,791.48,9414.93,17,basal
COBwebRCBCONSUMER,2026-04-22,17,4,344.02,9758.95,17,basal
COBwebRCBCONSUMER,2026-04-22,18,4,0.0,9758.95,17,basal
COBwebRCBCONSUMER,2026-04-22,19,4,0.0,9758.95,17,basal
COBwebRCBCONSUMER,2026-04-23,8,5,0.0,0.0,18,basal
COBwebRCBCONSUMER,2026-04-23,9,5,512.5,512.5,18,basal
COBwebRCBCONSUMER,2026-04-23,10,5,0.0,512.5,18,basal
COBwebRCBCONSUMER,2026-04-23,11,5,0.0,512.5,18,basal
COBwebRCBCONSUMER,2026-04-23,12,5,0.0,512.5,18,basal
COBwebRCBCONSUMER,2026-04-23,13,5,0.0,512.5,18,basal
COBwebRCBCONSUMER,2026-04-23,14,5,1143.37,1655.87,18,basal
COBwebRCBCONSUMER,2026-04-23,15,5,1301.19,2957.06,18,basal
COBwebRCBCONSUMER,2026-04-23,16,5,0.0,2957.06,18,basal
COBwebRCBCONSUMER,2026-04-23,17,5,0.0,2957.06,18,basal
COBwebRCBCONSUMER,2026-04-23,18,5,0.0,2957.06,18,basal
COBwebRCBCONSUMER,2026-04-23,19,5,0.0,2957.06,18,basal
COBwebRCBCONSUMER,2026-04-24,8,6,0.0,0.0,19,basal
COBwebRCBCONSUMER,2026-04-24,9,6,0.0,0.0,19,basal
COBwebRCBCONSUMER,2026-04-24,10,6,205.0,205.0,19,basal
COBwebRCBCONSUMER,2026-04-24,11,6,680.0,885.0,19,basal
COBwebRCBCONSUMER,2026-04-24,12,6,0.0,885.0,19,basal
COBwebRCBCONSUMER,2026-04-24,13,6,156.37,1041.37,19,basal
COBwebRCBCONSUMER,2026-04-24,14,6,0.0,1041.37,19,basal
COBwebRCBCONSUMER,2026-04-24,15,6,4423.61,5464.98,19,basal
COBwebRCBCONSUMER,2026-04-24,16,6,337.16,5802.14,19,basal
COBwebRCBCONSUMER,2026-04-24,17,6,17.72,5819.86,19,basal
COBwebRCBCONSUMER,2026-04-24,18,6,0.0,5819.86,19,basal
COBwebRCBCONSUMER,2026-04-24,19,6,0.0,5819.86,19,basal
COBwebRCBCONSUMER,2026-04-27,8,2,0.0,0.0,22,basal
COBwebRCBCONSUMER,2026-04-27,9,2,1679.99,1679.99,22,basal
COBwebRCBCONSUMER,2026-04-27,10,2,829.89,2509.88,22,basal
COBwebRCBCONSUMER,2026-04-27,11,2,145.55,2655.43,22,basal
COBwebRCBCONSUMER,2026-04-27,12,2,804.0,3459.43,22,basal
COBwebRCBCONSUMER,2026-04-27,13,2,96.25,3555.68,22,basal
COBwebRCBCONSUMER,2026-04-27,14,2,466.9,4022.58,22,basal
COBwebRCBCONSUMER,2026-04-27,15,2,219.97,4242.55,22,basal
COBwebRCBCONSUMER,2026-04-27,16,2,0.0,4242.55,22,basal
COBwebRCBCONSUMER,2026-04-27,17,2,0.0,4242.55,22,basal
COBwebRCBCONSUMER,2026-04-27,18,2,0.0,4242.55,22,basal
COBwebRCBCONSUMER,2026-04-27,19,2,0.0,4242.55,22,basal
COBwebRCBCONSUMER,2026-04-28,8,3,0.0,0.0,23,basal
COBwebRCBCONSUMER,2026-04-28,9,3,277.51,277.51,23,basal
COBwebRCBCONSUMER,2026-04-28,10,3,0.0,277.51,23,basal
COBwebRCBCONSUMER,2026-04-28,11,3,60.0,337.51,23,basal
COBwebRCBCONSUMER,2026-04-28,12,3,0.0,337.51,23,basal
COBwebRCBCONSUMER,2026-04-28,13,3,757.47,1094.98,23,basal
COBwebRCBCONSUMER,2026-04-28,14,3,95.11,1190.09,23,basal
COBwebRCBCONSUMER,2026-04-28,15,3,0.0,1190.09,23,basal
COBwebRCBCONSUMER,2026-04-28,16,3,0.0,1190.09,23,basal
COBwebRCBCONSUMER,2026-04-28,17,3,0.0,1190.09,23,basal
COBwebRCBCONSUMER,2026-04-28,18,3,0.0,1190.09,23,basal
COBwebRCBCONSUMER,2026-04-28,19,3,0.0,1190.09,23,basal
COBwebRCBCONSUMER,2026-04-29,8,4,0.0,0.0,0,pos_batimento
COBwebRCBCONSUMER,2026-04-29,9,4,220.0,220.0,0,pos_batimento
COBwebRCBCONSUMER,2026-04-29,10,4,73.1,293.1,0,pos_batimento
COBwebRCBCONSUMER,2026-04-29,11,4,0.0,293.1,0,pos_batimento
COBwebRCBCONSUMER,2026-04-29,12,4,0.0,293.1,0,pos_batimento
COBwebRCBCONSUMER,2026-04-29,13,4,175.0,468.1,0,pos_batimento
COBwebRCBCONSUMER,2026-04-29,14,4,68.25,536.35,0,pos_batimento
COBwebRCBCONSUMER,2026-04-29,15,4,0.0,536.35,0,pos_batimento
COBwebRCBCONSUMER,2026-04-29,16,4,0.0,536.35,0,pos_batimento
COBwebRCBCONSUMER,2026-04-29,17,4,366.29,902.64,0,pos_batimento
COBwebRCBCONSUMER,2026-04-29,18,4,0.0,902.64,0,pos_batimento
COBwebRCBCONSUMER,2026-04-29,19,4,0.0,902.64,0,pos_batimento
COBwebRCBCONSUMER,2026-04-30,8,5,200.23,200.23,1,pos_batimento
COBwebRCBCONSUMER,2026-04-30,9,5,570.0,770.23,1,pos_batimento
COBwebRCBCONSUMER,2026-04-30,10,5,160.59,930.82,1,pos_batimento
COBwebRCBCONSUMER,2026-04-30,11,5,100.0,1030.82,1,pos_batimento
COBwebRCBCONSUMER,2026-04-30,12,5,115.0,1145.82,1,pos_batimento
COBwebRCBCONSUMER,2026-04-30,13,5,406.39,1552.21,1,pos_batimento
COBwebRCBCONSUMER,2026-04-30,14,5,720.95,2273.16,1,pos_batimento
COBwebRCBCONSUMER,2026-04-30,15,5,338.15,2611.31,1,pos_batimento
COBwebRCBCONSUMER,2026-04-30,16,5,0.0,2611.31,1,pos_batimento
COBwebRCBCONSUMER,2026-04-30,17,5,0.0,2611.31,1,pos_batimento
COBwebRCBCONSUMER,2026-04-30,18,5,0.0,2611.31,1,pos_batimento
COBwebRCBCONSUMER,2026-04-30,19,5,0.0,2611.31,1,pos_batimento
COBwebRCBCONSUMER,2026-05-01,8,6,0.0,0.0,2,pos_batimento
COBwebRCBCONSUMER,2026-05-01,9,6,0.0,0.0,2,pos_batimento
COBwebRCBCONSUMER,2026-05-01,10,6,0.0,0.0,2,pos_batimento
COBwebRCBCONSUMER,2026-05-01,11,6,0.0,0.0,2,pos_batimento
COBwebRCBCONSUMER,2026-05-01,12,6,0.0,0.0,2,pos_batimento
COBwebRCBCONSUMER,2026-05-01,13,6,0.0,0.0,2,pos_batimento
COBwebRCBCONSUMER,2026-05-01,14,6,0.0,0.0,2,pos_batimento
COBwebRCBCONSUMER,2026-05-01,15,6,0.0,0.0,2,pos_batimento
COBwebRCBCONSUMER,2026-05-01,16,6,0.0,0.0,2,pos_batimento
COBwebRCBCONSUMER,2026-05-01,17,6,0.0,0.0,2,pos_batimento
COBwebRCBCONSUMER,2026-05-01,18,6,0.0,0.0,2,pos_batimento
COBwebRCBCONSUMER,2026-05-01,19,6,0.0,0.0,2,pos_batimento
COBwebRCBCONSUMER,2026-05-04,8,2,0.0,0.0,5,pos_batimento
COBwebRCBCONSUMER,2026-05-04,9,2,0.0,0.0,5,pos_batimento
COBwebRCBCONSUMER,2026-05-04,10,2,0.0,0.0,5,pos_batimento
COBwebRCBCONSUMER,2026-05-04,11,2,145.52,145.52,5,pos_batimento
COBwebRCBCONSUMER,2026-05-04,12,2,631.96,777.48,5,pos_batimento
COBwebRCBCONSUMER,2026-05-04,13,2,208.62,986.1,5,pos_batimento
COBwebRCBCONSUMER,2026-05-04,14,2,300.0,1286.1,5,pos_batimento
COBwebRCBCONSUMER,2026-05-04,15,2,0.0,1286.1,5,pos_batimento
COBwebRCBCONSUMER,2026-05-04,16,2,700.33,1986.43,5,pos_batimento
COBwebRCBCONSUMER,2026-05-04,17,2,0.0,1986.43,5,pos_batimento
COBwebRCBCONSUMER,2026-05-04,18,2,0.0,1986.43,5,pos_batimento
COBwebRCBCONSUMER,2026-05-04,19,2,0.0,1986.43,5,pos_batimento
COBwebRCBCONSUMER,2026-05-05,8,3,401.38,401.38,6,absorcao
COBwebRCBCONSUMER,2026-05-05,9,3,132.72,534.1,6,absorcao
COBwebRCBCONSUMER,2026-05-05,10,3,2691.29,3225.39,6,absorcao
COBwebRCBCONSUMER,2026-05-05,11,3,625.81,3851.2,6,absorcao
COBwebRCBCONSUMER,2026-05-05,12,3,0.0,3851.2,6,absorcao
COBwebRCBCONSUMER,2026-05-05,13,3,0.0,3851.2,6,absorcao
COBwebRCBCONSUMER,2026-05-05,14,3,2135.26,5986.46,6,absorcao
COBwebRCBCONSUMER,2026-05-05,15,3,338.07,6324.53,6,absorcao
COBwebRCBCONSUMER,2026-05-05,16,3,1818.0,8142.53,6,absorcao
COBwebRCBCONSUMER,2026-05-05,17,3,0.0,8142.53,6,absorcao
COBwebRCBCONSUMER,2026-05-05,18,3,60.0,8202.53,6,absorcao
COBwebRCBCONSUMER,2026-05-05,19,3,60.0,8262.53,6,absorcao
COBwebRCBCONSUMER,2026-05-06,8,4,249.44,249.44,7,absorcao
COBwebRCBCONSUMER,2026-05-06,9,4,0.0,249.44,7,absorcao
COBwebRCBCONSUMER,2026-05-06,10,4,0.0,249.44,7,absorcao
COBwebRCBCONSUMER,2026-05-06,11,4,0.0,249.44,7,absorcao
COBwebRCBCONSUMER,2026-05-06,12,4,291.89,541.33,7,absorcao
COBwebRCBCONSUMER,2026-05-06,13,4,614.68,1156.01,7,absorcao
COBwebRCBCONSUMER,2026-05-06,14,4,52.4,1208.41,7,absorcao
COBwebRCBCONSUMER,2026-05-06,15,4,562.2,1770.61,7,absorcao
COBwebRCBCONSUMER,2026-05-06,16,4,100.0,1870.61,7,absorcao
COBwebRCBCONSUMER,2026-05-06,17,4,60.0,1930.61,7,absorcao
COBwebRCBCONSUMER,2026-05-06,18,4,0.0,1930.61,7,absorcao
COBwebRCBCONSUMER,2026-05-06,19,4,0.0,1930.61,7,absorcao
COBwebRCBCONSUMER,2026-05-07,8,5,0.0,0.0,8,absorcao
COBwebRCBCONSUMER,2026-05-07,9,5,0.0,0.0,8,absorcao
COBwebRCBCONSUMER,2026-05-07,10,5,0.0,0.0,8,absorcao
COBwebRCBCONSUMER,2026-05-07,11,5,0.0,0.0,8,absorcao
COBwebRCBCONSUMER,2026-05-07,12,5,0.0,0.0,8,absorcao
COBwebRCBCONSUMER,2026-05-07,13,5,589.58,589.58,8,absorcao
COBwebRCBCONSUMER,2026-05-07,14,5,564.26,1153.84,8,absorcao
COBwebRCBCONSUMER,2026-05-07,15,5,1344.07,2497.91,8,absorcao
COBwebRCBCONSUMER,2026-05-07,16,5,0.0,2497.91,8,absorcao
COBwebRCBCONSUMER,2026-05-07,17,5,0.0,2497.91,8,absorcao
COBwebRCBCONSUMER,2026-05-07,18,5,548.32,3046.23,8,absorcao
COBwebRCBCONSUMER,2026-05-07,19,5,0.0,3046.23,8,absorcao
COBwebRCBCONSUMER,2026-05-08,8,6,150.0,150.0,9,absorcao
COBwebRCBCONSUMER,2026-05-08,9,6,0.0,150.0,9,absorcao
COBwebRCBCONSUMER,2026-05-08,10,6,104.73,254.73,9,absorcao
COBwebRCBCONSUMER,2026-05-08,11,6,130.4,385.13,9,absorcao
COBwebRCBCONSUMER,2026-05-08,12,6,313.04,698.17,9,absorcao
COBwebRCBCONSUMER,2026-05-08,13,6,0.0,698.17,9,absorcao
COBwebRCBCONSUMER,2026-05-08,14,6,450.0,1148.17,9,absorcao
COBwebRCBCONSUMER,2026-05-08,15,6,996.19,2144.36,9,absorcao
COBwebRCBCONSUMER,2026-05-08,16,6,60.0,2204.36,9,absorcao
COBwebRCBCONSUMER,2026-05-08,17,6,430.0,2634.36,9,absorcao
COBwebRCBCONSUMER,2026-05-08,18,6,2900.0,5534.36,9,absorcao
COBwebRCBCONSUMER,2026-05-08,19,6,0.0,5534.36,9,absorcao
COBwebRCBCONSUMER,2026-05-11,8,2,0.0,0.0,12,absorcao
COBwebRCBCONSUMER,2026-05-11,9,2,456.64,456.64,12,absorcao
COBwebRCBCONSUMER,2026-05-11,10,2,1000.0,1456.64,12,absorcao
COBwebRCBCONSUMER,2026-05-11,11,2,10048.46,11505.1,12,absorcao
COBwebRCBCONSUMER,2026-05-11,12,2,0.0,11505.1,12,absorcao
COBwebRCBCONSUMER,2026-05-11,13,2,0.0,11505.1,12,absorcao
COBwebRCBCONSUMER,2026-05-11,14,2,260.0,11765.1,12,absorcao
COBwebRCBCONSUMER,2026-05-11,15,2,0.0,11765.1,12,absorcao
COBwebRCBCONSUMER,2026-05-11,16,2,0.0,11765.1,12,absorcao
COBwebRCBCONSUMER,2026-05-11,17,2,1500.0,13265.1,12,absorcao
COBwebRCBCONSUMER,2026-05-11,18,2,2201.74,15466.84,12,absorcao
COBwebRCBCONSUMER,2026-05-11,19,2,0.0,15466.84,12,absorcao
COBwebRCBCONSUMER,2026-05-12,8,3,0.0,0.0,13,absorcao
COBwebRCBCONSUMER,2026-05-12,9,3,238.66,238.66,13,absorcao
COBwebRCBCONSUMER,2026-05-12,10,3,222.94,461.6,13,absorcao
COBwebRCBCONSUMER,2026-05-12,11,3,794.01,1255.61,13,absorcao
COBwebRCBCONSUMER,2026-05-12,12,3,0.0,1255.61,13,absorcao
COBwebRCBCONSUMER,2026-05-12,13,3,397.27,1652.88,13,absorcao
COBwebRCBCONSUMER,2026-05-12,14,3,239.17,1892.05,13,absorcao
COBwebRCBCONSUMER,2026-05-12,15,3,0.0,1892.05,13,absorcao
COBwebRCBCONSUMER,2026-05-12,16,3,0.0,1892.05,13,absorcao
COBwebRCBCONSUMER,2026-05-12,17,3,1500.0,3392.05,13,absorcao
COBwebRCBCONSUMER,2026-05-12,18,3,2222.53,5614.58,13,absorcao
COBwebRCBCONSUMER,2026-05-12,19,3,0.0,5614.58,13,absorcao
COBwebRCBCONSUMER,2026-05-13,8,4,0.0,0.0,14,absorcao
COBwebRCBCONSUMER,2026-05-13,9,4,0.0,0.0,14,absorcao
COBwebRCBCONSUMER,2026-05-13,10,4,406.57,406.57,14,absorcao
COBwebRCBCONSUMER,2026-05-13,11,4,542.41,948.98,14,absorcao
COBwebRCBCONSUMER,2026-05-13,12,4,200.0,1148.98,14,absorcao
COBwebRCBCONSUMER,2026-05-13,13,4,200.0,1348.98,14,absorcao
COBwebRCBCONSUMER,2026-05-13,14,4,0.0,1348.98,14,absorcao
COBwebRCBCONSUMER,2026-05-13,15,4,185.03,1534.01,14,absorcao
COBwebRCBCONSUMER,2026-05-13,16,4,0.0,1534.01,14,absorcao
COBwebRCBCONSUMER,2026-05-13,17,4,0.0,1534.01,14,absorcao
COBwebRCBCONSUMER,2026-05-13,18,4,1000.0,2534.01,14,absorcao
COBwebRCBCONSUMER,2026-05-13,19,4,0.0,2534.01,14,absorcao
COBwebRCBCONSUMER,2026-05-14,8,5,0.0,0.0,15,absorcao
COBwebRCBCONSUMER,2026-05-14,9,5,200.0,200.0,15,absorcao
COBwebRCBCONSUMER,2026-05-14,10,5,71.94,271.94,15,absorcao
COBwebRCBCONSUMER,2026-05-14,11,5,117.8,389.74,15,absorcao
COBwebRCBCONSUMER,2026-05-14,12,5,0.0,389.74,15,absorcao
COBwebRCBCONSUMER,2026-05-14,13,5,0.0,389.74,15,absorcao
COBwebRCBCONSUMER,2026-05-14,14,5,1013.73,1403.47,15,absorcao
COBwebRCBCONSUMER,2026-05-14,15,5,477.9,1881.37,15,absorcao
COBwebRCBCONSUMER,2026-05-14,16,5,5067.7,6949.07,15,absorcao
COBwebRCBCONSUMER,2026-05-14,17,5,100.0,7049.07,15,absorcao
COBwebRCBCONSUMER,2026-05-14,18,5,114.77,7163.84,15,absorcao
COBwebRCBCONSUMER,2026-05-14,19,5,0.0,7163.84,15,absorcao
COBwebRCBCONSUMER,2026-05-15,8,6,0.0,0.0,16,basal
COBwebRCBCONSUMER,2026-05-15,9,6,1621.7,1621.7,16,basal
COBwebRCBCONSUMER,2026-05-15,10,6,130.0,1751.7,16,basal
COBwebRCBCONSUMER,2026-05-15,11,6,0.0,1751.7,16,basal
COBwebRCBCONSUMER,2026-05-15,12,6,0.0,1751.7,16,basal
COBwebRCBCONSUMER,2026-05-15,13,6,280.0,2031.7,16,basal
COBwebRCBCONSUMER,2026-05-15,14,6,882.31,2914.01,16,basal
COBwebRCBCONSUMER,2026-05-15,15,6,58.81,2972.82,16,basal
COBwebRCBCONSUMER,2026-05-15,16,6,291.64,3264.46,16,basal
COBwebRCBCONSUMER,2026-05-15,17,6,63.79,3328.25,16,basal
COBwebRCBCONSUMER,2026-05-15,18,6,4955.89,8284.14,16,basal
COBwebRCBCONSUMER,2026-05-15,19,6,0.0,8284.14,16,basal
COBwebRCBCONSUMER,2026-05-18,8,2,0.0,0.0,19,basal
COBwebRCBCONSUMER,2026-05-18,9,2,150.0,150.0,19,basal
COBwebRCBCONSUMER,2026-05-18,10,2,400.0,550.0,19,basal
COBwebRCBCONSUMER,2026-05-18,11,2,0.0,550.0,19,basal
COBwebRCBCONSUMER,2026-05-18,12,2,0.0,550.0,19,basal
COBwebRCBCONSUMER,2026-05-18,13,2,0.0,550.0,19,basal
COBwebRCBCONSUMER,2026-05-18,14,2,230.0,780.0,19,basal
COBwebRCBCONSUMER,2026-05-18,15,2,0.0,780.0,19,basal
COBwebRCBCONSUMER,2026-05-18,16,2,60.0,840.0,19,basal
COBwebRCBCONSUMER,2026-05-18,17,2,135.57,975.57,19,basal
COBwebRCBCONSUMER,2026-05-18,18,2,0.0,975.57,19,basal
COBwebRCBCONSUMER,2026-05-18,19,2,33.42,1008.99,19,basal
COBwebRCBCONSUMER,2026-05-19,8,3,0.0,0.0,20,basal
COBwebRCBCONSUMER,2026-05-19,9,3,0.0,0.0,20,basal
COBwebRCBCONSUMER,2026-05-19,10,3,0.0,0.0,20,basal
COBwebRCBCONSUMER,2026-05-19,11,3,239.3,239.3,20,basal
COBwebRCBCONSUMER,2026-05-19,12,3,0.0,239.3,20,basal
COBwebRCBCONSUMER,2026-05-19,13,3,448.6,687.9,20,basal
COBwebRCBCONSUMER,2026-05-19,14,3,704.02,1391.92,20,basal
COBwebRCBCONSUMER,2026-05-19,15,3,514.26,1906.18,20,basal
COBwebRCBCONSUMER,2026-05-19,16,3,0.0,1906.18,20,basal
COBwebRCBCONSUMER,2026-05-19,17,3,121.0,2027.18,20,basal
COBwebRCBCONSUMER,2026-05-19,18,3,0.0,2027.18,20,basal
COBwebRCBCONSUMER,2026-05-19,19,3,0.0,2027.18,20,basal
COBwebRCBCONSUMER,2026-05-20,8,4,0.0,0.0,21,basal
COBwebRCBCONSUMER,2026-05-20,9,4,83.22,83.22,21,basal
COBwebRCBCONSUMER,2026-05-20,10,4,0.0,83.22,21,basal
COBwebRCBCONSUMER,2026-05-20,11,4,198.42,281.64,21,basal
COBwebRCBCONSUMER,2026-05-20,12,4,323.35,604.99,21,basal
COBwebRCBCONSUMER,2026-05-20,13,4,0.0,604.99,21,basal
COBwebRCBCONSUMER,2026-05-20,14,4,0.0,604.99,21,basal
COBwebRCBCONSUMER,2026-05-20,15,4,360.97,965.96,21,basal
COBwebRCBCONSUMER,2026-05-20,16,4,0.0,965.96,21,basal
COBwebRCBCONSUMER,2026-05-20,17,4,422.82,1388.78,21,basal
COBwebRCBCONSUMER,2026-05-20,18,4,0.0,1388.78,21,basal
COBwebRCBCONSUMER,2026-05-20,19,4,0.0,1388.78,21,basal
COBwebRCBCONSUMER,2026-05-21,8,5,0.0,0.0,22,basal
COBwebRCBCONSUMER,2026-05-21,9,5,0.0,0.0,22,basal
COBwebRCBCONSUMER,2026-05-21,10,5,170.5,170.5,22,basal
COBwebRCBCONSUMER,2026-05-21,11,5,0.0,170.5,22,basal
COBwebRCBCONSUMER,2026-05-21,12,5,8956.56,9127.06,22,basal
COBwebRCBCONSUMER,2026-05-21,13,5,191.48,9318.54,22,basal
COBwebRCBCONSUMER,2026-05-21,14,5,0.0,9318.54,22,basal
COBwebRCBCONSUMER,2026-05-21,15,5,108.7,9427.24,22,basal
COBwebRCBCONSUMER,2026-05-21,16,5,254.87,9682.11,22,basal
COBwebRCBCONSUMER,2026-05-21,17,5,0.0,9682.11,22,basal
COBwebRCBCONSUMER,2026-05-21,18,5,512.9,10195.01,22,basal
COBwebRCBCONSUMER,2026-05-21,19,5,0.0,10195.01,22,basal
COBwebRCBCONSUMER,2026-05-22,8,6,0.0,0.0,23,basal
COBwebRCBCONSUMER,2026-05-22,9,6,0.0,0.0,23,basal
COBwebRCBCONSUMER,2026-05-22,10,6,0.0,0.0,23,basal
COBwebRCBCONSUMER,2026-05-22,11,6,68.72,68.72,23,basal
COBwebRCBCONSUMER,2026-05-22,12,6,0.0,68.72,23,basal
COBwebRCBCONSUMER,2026-05-22,13,6,289.57,358.29,23,basal
COBwebRCBCONSUMER,2026-05-22,14,6,337.66,695.95,23,basal
COBwebRCBCONSUMER,2026-05-22,15,6,1142.7,1838.65,23,basal
COBwebRCBCONSUMER,2026-05-22,16,6,558.57,2397.22,23,basal
COBwebRCBCONSUMER,2026-05-22,17,6,378.42,2775.64,23,basal
COBwebRCBCONSUMER,2026-05-22,18,6,274.81,3050.45,23,basal
COBwebRCBCONSUMER,2026-05-22,19,6,0.0,3050.45,23,basal
COBwebRCBCONSUMER,2026-05-25,8,2,0.0,0.0,26,basal
COBwebRCBCONSUMER,2026-05-25,9,2,0.0,0.0,26,basal
COBwebRCBCONSUMER,2026-05-25,10,2,81.14,81.14,26,basal
COBwebRCBCONSUMER,2026-05-25,11,2,50.0,131.14,26,basal
COBwebRCBCONSUMER,2026-05-25,12,2,0.0,131.14,26,basal
COBwebRCBCONSUMER,2026-05-25,13,2,156.32,287.46,26,basal
COBwebRCBCONSUMER,2026-05-25,14,2,919.06,1206.52,26,basal
COBwebRCBCONSUMER,2026-05-25,15,2,0.0,1206.52,26,basal
COBwebRCBCONSUMER,2026-05-25,16,2,356.26,1562.78,26,basal
COBwebRCBCONSUMER,2026-05-25,17,2,0.0,1562.78,26,basal
COBwebRCBCONSUMER,2026-05-25,18,2,83.12,1645.9,26,basal
COBwebRCBCONSUMER,2026-05-25,19,2,0.0,1645.9,26,basal
COBwebRCBCONSUMER,2026-05-26,8,3,0.0,0.0,27,basal
COBwebRCBCONSUMER,2026-05-26,9,3,0.0,0.0,27,basal
COBwebRCBCONSUMER,2026-05-26,10,3,162.35,162.35,27,basal
COBwebRCBCONSUMER,2026-05-26,11,3,60.0,222.35,27,basal
COBwebRCBCONSUMER,2026-05-26,12,3,56.29,278.64,27,basal
COBwebRCBCONSUMER,2026-05-26,13,3,0.0,278.64,27,basal
COBwebRCBCONSUMER,2026-05-26,14,3,150.0,428.64,27,basal
COBwebRCBCONSUMER,2026-05-26,15,3,0.0,428.64,27,basal
COBwebRCBCONSUMER,2026-05-26,16,3,399.92,828.56,27,basal
COBwebRCBCONSUMER,2026-05-26,17,3,0.0,828.56,27,basal
COBwebRCBCONSUMER,2026-05-26,18,3,388.99,1217.55,27,basal
COBwebRCBCONSUMER,2026-05-26,19,3,0.0,1217.55,27,basal
COBwebRCBCONSUMER,2026-05-27,8,4,0.0,0.0,28,basal
COBwebRCBCONSUMER,2026-05-27,9,4,0.0,0.0,28,basal
COBwebRCBCONSUMER,2026-05-27,10,4,0.0,0.0,28,basal
COBwebRCBCONSUMER,2026-05-27,11,4,238.35,238.35,28,basal
COBwebRCBCONSUMER,2026-05-27,12,4,0.0,238.35,28,basal
COBwebRCBCONSUMER,2026-05-27,13,4,153.28,391.63,28,basal
COBwebRCBCONSUMER,2026-05-27,14,4,170.13,561.76,28,basal
COBwebRCBCONSUMER,2026-05-27,15,4,0.0,561.76,28,basal
COBwebRCBCONSUMER,2026-05-27,16,4,500.0,1061.76,28,basal
COBwebRCBCONSUMER,2026-05-27,17,4,350.0,1411.76,28,basal
COBwebRCBCONSUMER,2026-05-27,18,4,120.0,1531.76,28,basal
COBwebRCBCONSUMER,2026-05-27,19,4,0.0,1531.76,28,basal
COBwebRCBCONSUMER,2026-05-28,8,5,0.0,0.0,29,basal
COBwebRCBCONSUMER,2026-05-28,9,5,0.0,0.0,29,basal
COBwebRCBCONSUMER,2026-05-28,10,5,90.0,90.0,29,basal
COBwebRCBCONSUMER,2026-05-28,11,5,0.0,90.0,29,basal
COBwebRCBCONSUMER,2026-05-28,12,5,0.0,90.0,29,basal
COBwebRCBCONSUMER,2026-05-28,13,5,100.83,190.83,29,basal
COBwebRCBCONSUMER,2026-05-28,14,5,1241.14,1431.97,29,basal
COBwebRCBCONSUMER,2026-05-28,15,5,0.0,1431.97,29,basal
COBwebRCBCONSUMER,2026-05-28,16,5,0.0,1431.97,29,basal
COBwebRCBCONSUMER,2026-05-28,17,5,863.87,2295.84,29,basal
COBwebRCBCONSUMER,2026-05-28,18,5,100.0,2395.84,29,basal
COBwebRCBCONSUMER,2026-05-28,19,5,0.0,2395.84,29,basal
COBwebRCBCONSUMER,2026-05-29,8,6,300.0,300.0,30,basal
COBwebRCBCONSUMER,2026-05-29,9,6,120.0,420.0,30,basal
COBwebRCBCONSUMER,2026-05-29,10,6,0.0,420.0,30,basal
COBwebRCBCONSUMER,2026-05-29,11,6,0.0,420.0,30,basal
COBwebRCBCONSUMER,2026-05-29,12,6,81.72,501.72,30,basal
COBwebRCBCONSUMER,2026-05-29,13,6,0.0,501.72,30,basal
COBwebRCBCONSUMER,2026-05-29,14,6,310.0,811.72,30,basal
COBwebRCBCONSUMER,2026-05-29,15,6,0.0,811.72,30,basal
COBwebRCBCONSUMER,2026-05-29,16,6,1290.75,2102.47,30,basal
COBwebRCBCONSUMER,2026-05-29,17,6,333.23,2435.7,30,basal
COBwebRCBCONSUMER,2026-05-29,18,6,356.14,2791.84,30,basal
COBwebRCBCONSUMER,2026-05-29,19,6,0.0,2791.84,30,basal
COBwebRCBCONSUMER,2026-06-01,8,2,0.0,0.0,33,basal
COBwebRCBCONSUMER,2026-06-01,9,2,330.0,330.0,33,basal
COBwebRCBCONSUMER,2026-06-01,10,2,0.0,330.0,33,basal
COBwebRCBCONSUMER,2026-06-01,11,2,727.1,1057.1,33,basal
COBwebRCBCONSUMER,2026-06-01,12,2,10.18,1067.28,33,basal
COBwebRCBCONSUMER,2026-06-01,13,2,0.0,1067.28,33,basal
COBwebRCBCONSUMER,2026-06-01,14,2,0.0,1067.28,33,basal
COBwebRCBCONSUMER,2026-06-01,15,2,60.0,1127.28,33,basal
COBwebRCBCONSUMER,2026-06-01,16,2,0.0,1127.28,33,basal
COBwebRCBCONSUMER,2026-06-01,17,2,0.0,1127.28,33,basal
COBwebRCBCONSUMER,2026-06-01,18,2,167.09,1294.37,33,basal
COBwebRCBCONSUMER,2026-06-01,19,2,120.0,1414.37,33,basal
COBwebRCBCONSUMER,2026-06-02,8,3,0.0,0.0,34,basal
COBwebRCBCONSUMER,2026-06-02,9,3,0.0,0.0,34,basal
COBwebRCBCONSUMER,2026-06-02,10,3,300.0,300.0,34,basal
COBwebRCBCONSUMER,2026-06-02,11,3,0.0,300.0,34,basal
COBwebRCBCONSUMER,2026-06-02,12,3,148.65,448.65,34,basal
COBwebRCBCONSUMER,2026-06-02,13,3,0.0,448.65,34,basal
COBwebRCBCONSUMER,2026-06-02,14,3,136.04,584.69,34,basal
COBwebRCBCONSUMER,2026-06-02,15,3,1747.42,2332.11,34,basal
COBwebRCBCONSUMER,2026-06-02,16,3,330.0,2662.11,34,basal
COBwebRCBCONSUMER,2026-06-02,17,3,0.0,2662.11,34,basal
COBwebRCBCONSUMER,2026-06-02,18,3,338.74,3000.85,34,basal
COBwebRCBCONSUMER,2026-06-02,19,3,0.0,3000.85,34,basal
COBwebRCBCONSUMER,2026-06-03,8,4,0.0,0.0,35,basal
COBwebRCBCONSUMER,2026-06-03,9,4,0.0,0.0,35,basal
COBwebRCBCONSUMER,2026-06-03,10,4,0.0,0.0,35,basal
COBwebRCBCONSUMER,2026-06-03,11,4,0.0,0.0,35,basal
COBwebRCBCONSUMER,2026-06-03,12,4,100.0,100.0,35,basal
COBwebRCBCONSUMER,2026-06-03,13,4,0.0,100.0,35,basal
COBwebRCBCONSUMER,2026-06-03,14,4,0.0,100.0,35,basal
COBwebRCBCONSUMER,2026-06-03,15,4,1407.76,1507.76,35,basal
COBwebRCBCONSUMER,2026-06-03,16,4,140.78,1648.54,35,basal
COBwebRCBCONSUMER,2026-06-03,17,4,750.0,2398.54,35,basal
COBwebRCBCONSUMER,2026-06-03,18,4,666.66,3065.2,35,basal
COBwebRCBCONSUMER,2026-06-03,19,4,528.14,3593.34,35,basal
COBwebRCBCONSUMER,2026-06-04,8,5,0.0,0.0,36,basal
COBwebRCBCONSUMER,2026-06-04,9,5,0.0,0.0,36,basal
COBwebRCBCONSUMER,2026-06-04,10,5,0.0,0.0,36,basal
COBwebRCBCONSUMER,2026-06-04,11,5,0.0,0.0,36,basal
COBwebRCBCONSUMER,2026-06-04,12,5,0.0,0.0,36,basal
COBwebRCBCONSUMER,2026-06-04,13,5,0.0,0.0,36,basal
COBwebRCBCONSUMER,2026-06-04,14,5,0.0,0.0,36,basal
COBwebRCBCONSUMER,2026-06-04,15,5,0.0,0.0,36,basal
COBwebRCBCONSUMER,2026-06-04,16,5,0.0,0.0,36,basal
COBwebRCBCONSUMER,2026-06-04,17,5,0.0,0.0,36,basal
COBwebRCBCONSUMER,2026-06-04,18,5,0.0,0.0,36,basal
COBwebRCBCONSUMER,2026-06-04,19,5,0.0,0.0,36,basal
COBwebRCBCONSUMER,2026-06-05,8,6,115.0,115.0,37,basal
COBwebRCBCONSUMER,2026-06-05,9,6,0.0,115.0,37,basal
COBwebRCBCONSUMER,2026-06-05,10,6,0.0,115.0,37,basal
COBwebRCBCONSUMER,2026-06-05,11,6,0.0,115.0,37,basal
COBwebRCBCONSUMER,2026-06-05,12,6,234.51,349.51,37,basal
COBwebRCBCONSUMER,2026-06-05,13,6,2610.11,2959.62,37,basal
COBwebRCBCONSUMER,2026-06-05,14,6,542.19,3501.81,37,basal
COBwebRCBCONSUMER,2026-06-05,15,6,0.0,3501.81,37,basal
COBwebRCBCONSUMER,2026-06-05,16,6,0.0,3501.81,37,basal
COBwebRCBCONSUMER,2026-06-05,17,6,0.0,3501.81,37,basal
COBwebRCBCONSUMER,2026-06-05,18,6,0.0,3501.81,37,basal
COBwebRCBCONSUMER,2026-06-05,19,6,0.0,3501.81,37,basal
COBwebRCBCONSUMER,2026-06-08,8,2,0.0,0.0,40,basal
COBwebRCBCONSUMER,2026-06-08,9,2,0.0,0.0,40,basal
COBwebRCBCONSUMER,2026-06-08,10,2,0.0,0.0,40,basal
COBwebRCBCONSUMER,2026-06-08,11,2,0.0,0.0,40,basal
COBwebRCBCONSUMER,2026-06-08,12,2,0.0,0.0,40,basal
COBwebRCBCONSUMER,2026-06-08,13,2,0.0,0.0,40,basal
COBwebRCBCONSUMER,2026-06-08,14,2,341.32,341.32,40,basal
COBwebRCBCONSUMER,2026-06-08,15,2,57.5,398.82,40,basal
COBwebRCBCONSUMER,2026-06-08,16,2,0.0,398.82,40,basal
COBwebRCBCONSUMER,2026-06-08,17,2,0.0,398.82,40,basal
COBwebRCBCONSUMER,2026-06-08,18,2,0.0,398.82,40,basal
COBwebRCBCONSUMER,2026-06-08,19,2,0.0,398.82,40,basal
COBwebRCBCONSUMER,2026-06-09,8,3,0.0,0.0,41,basal
COBwebRCBCONSUMER,2026-06-09,9,3,0.0,0.0,41,basal
COBwebRCBCONSUMER,2026-06-09,10,3,0.0,0.0,41,basal
COBwebRCBCONSUMER,2026-06-09,11,3,0.0,0.0,41,basal
COBwebRCBCONSUMER,2026-06-09,12,3,0.0,0.0,41,basal
COBwebRCBCONSUMER,2026-06-09,13,3,67.5,67.5,41,basal
COBwebRCBCONSUMER,2026-06-09,14,3,196.32,263.82,41,basal
COBwebRCBCONSUMER,2026-06-09,15,3,300.0,563.82,41,basal
COBwebRCBCONSUMER,2026-06-09,16,3,983.81,1547.63,41,basal
COBwebRCBCONSUMER,2026-06-09,17,3,196.69,1744.32,41,basal
COBwebRCBCONSUMER,2026-06-09,18,3,30.38,1774.7,41,basal
COBwebRCBCONSUMER,2026-06-09,19,3,104.52,1879.22,41,basal
COBwebRCBCONSUMER,2026-06-10,8,4,0.0,0.0,42,basal
COBwebRCBCONSUMER,2026-06-10,9,4,50.55,50.55,42,basal
COBwebRCBCONSUMER,2026-06-10,10,4,0.0,50.55,42,basal
COBwebRCBCONSUMER,2026-06-10,11,4,0.0,50.55,42,basal
COBwebRCBCONSUMER,2026-06-10,12,4,516.07,566.62,42,basal
COBwebRCBCONSUMER,2026-06-10,13,4,0.0,566.62,42,basal
COBwebRCBCONSUMER,2026-06-10,14,4,400.0,966.62,42,basal
COBwebRCBCONSUMER,2026-06-10,15,4,0.0,966.62,42,basal
COBwebRCBCONSUMER,2026-06-10,16,4,118.59,1085.21,42,basal
COBwebRCBCONSUMER,2026-06-10,17,4,60.0,1145.21,42,basal
COBwebRCBCONSUMER,2026-06-10,18,4,0.0,1145.21,42,basal
COBwebRCBCONSUMER,2026-06-10,19,4,0.0,1145.21,42,basal
COBwebRCBCONSUMER,2026-06-11,8,5,0.0,0.0,43,basal
COBwebRCBCONSUMER,2026-06-11,9,5,0.0,0.0,43,basal
COBwebRCBCONSUMER,2026-06-11,10,5,185.59,185.59,43,basal
COBwebRCBCONSUMER,2026-06-11,11,5,760.74,946.33,43,basal
COBwebRCBCONSUMER,2026-06-11,12,5,0.0,946.33,43,basal
COBwebRCBCONSUMER,2026-06-11,13,5,0.0,946.33,43,basal
COBwebRCBCONSUMER,2026-06-11,14,5,0.0,946.33,43,basal
COBwebRCBCONSUMER,2026-06-11,15,5,317.55,1263.88,43,basal
COBwebRCBCONSUMER,2026-06-11,16,5,5201.75,6465.63,43,basal
COBwebRCBCONSUMER,2026-06-11,17,5,136.81,6602.44,43,basal
COBwebRCBCONSUMER,2026-06-11,18,5,118.64,6721.08,43,basal
COBwebRCBCONSUMER,2026-06-11,19,5,0.0,6721.08,43,basal
COBwebRCBCONSUMER,2026-06-12,8,6,0.0,0.0,44,basal
COBwebRCBCONSUMER,2026-06-12,9,6,0.0,0.0,44,basal
COBwebRCBCONSUMER,2026-06-12,10,6,0.0,0.0,44,basal
COBwebRCBCONSUMER,2026-06-12,11,6,0.0,0.0,44,basal
COBwebRCBCONSUMER,2026-06-12,12,6,0.0,0.0,44,basal
COBwebRCBCONSUMER,2026-06-12,13,6,0.0,0.0,44,basal
COBwebRCBCONSUMER,2026-06-12,14,6,1315.66,1315.66,44,basal
COBwebRCBCONSUMER,2026-06-12,15,6,0.0,1315.66,44,basal
COBwebRCBCONSUMER,2026-06-12,16,6,528.38,1844.04,44,basal
COBwebRCBCONSUMER,2026-06-12,17,6,1526.17,3370.21,44,basal
COBwebRCBCONSUMER,2026-06-12,18,6,0.0,3370.21,44,basal
COBwebRCBCONSUMER,2026-06-12,19,6,906.91,4277.12,44,basal
COBwebRCBCONSUMER,2026-06-15,8,2,0.0,0.0,47,basal
COBwebRCBCONSUMER,2026-06-15,9,2,0.0,0.0,47,basal
COBwebRCBCONSUMER,2026-06-15,10,2,0.0,0.0,47,basal
COBwebRCBCONSUMER,2026-06-15,11,2,600.0,600.0,47,basal
COBwebRCBCONSUMER,2026-06-15,12,2,137.76,737.76,47,basal
COBwebRCBCONSUMER,2026-06-15,13,2,0.0,737.76,47,basal
COBwebRCBCONSUMER,2026-06-15,14,2,0.0,737.76,47,basal
COBwebRCBCONSUMER,2026-06-15,15,2,150.0,887.76,47,basal
COBwebRCBCONSUMER,2026-06-15,16,2,192.19,1079.95,47,basal
COBwebRCBCONSUMER,2026-06-15,17,2,0.0,1079.95,47,basal
COBwebRCBCONSUMER,2026-06-15,18,2,0.0,1079.95,47,basal
COBwebRCBCONSUMER,2026-06-15,19,2,0.0,1079.95,47,basal
COBwebRCBCONSUMER,2026-06-16,8,3,0.0,0.0,48,basal
COBwebRCBCONSUMER,2026-06-16,9,3,0.0,0.0,48,basal
COBwebRCBCONSUMER,2026-06-16,10,3,0.0,0.0,48,basal
COBwebRCBCONSUMER,2026-06-16,11,3,0.0,0.0,48,basal
COBwebRCBCONSUMER,2026-06-16,12,3,0.0,0.0,48,basal
COBwebRCBCONSUMER,2026-06-16,13,3,274.29,274.29,48,basal
COBwebRCBCONSUMER,2026-06-16,14,3,174.44,448.73,48,basal
COBwebRCBCONSUMER,2026-06-16,15,3,457.0,905.73,48,basal
COBwebRCBCONSUMER,2026-06-16,16,3,0.0,905.73,48,basal
COBwebRCBCONSUMER,2026-06-16,17,3,0.0,905.73,48,basal
COBwebRCBCONSUMER,2026-06-16,18,3,0.0,905.73,48,basal
COBwebRCBCONSUMER,2026-06-16,19,3,0.0,905.73,48,basal
COBwebRCBCONSUMER,2026-06-17,8,4,0.0,0.0,49,basal
COBwebRCBCONSUMER,2026-06-17,9,4,0.0,0.0,49,basal
COBwebRCBCONSUMER,2026-06-17,10,4,0.0,0.0,49,basal
COBwebRCBCONSUMER,2026-06-17,11,4,0.0,0.0,49,basal
COBwebRCBCONSUMER,2026-06-17,12,4,0.0,0.0,49,basal
COBwebRCBCONSUMER,2026-06-17,13,4,0.0,0.0,49,basal
COBwebRCBCONSUMER,2026-06-17,14,4,0.0,0.0,49,basal
COBwebRCBCONSUMER,2026-06-17,15,4,321.61,321.61,49,basal
COBwebRCBCONSUMER,2026-06-17,16,4,0.0,321.61,49,basal
COBwebRCBCONSUMER,2026-06-17,17,4,3327.28,3648.89,49,basal
COBwebRCBCONSUMER,2026-06-17,18,4,0.0,3648.89,49,basal
COBwebRCBCONSUMER,2026-06-17,19,4,0.0,3648.89,49,basal
COBwebRCBCONSUMER,2026-06-18,8,5,0.0,0.0,50,basal
COBwebRCBCONSUMER,2026-06-18,9,5,0.0,0.0,50,basal
COBwebRCBCONSUMER,2026-06-18,10,5,0.0,0.0,50,basal
COBwebRCBCONSUMER,2026-06-18,11,5,186.0,186.0,50,basal
COBwebRCBCONSUMER,2026-06-18,12,5,0.0,186.0,50,basal
COBwebRCBCONSUMER,2026-06-18,13,5,300.0,486.0,50,basal
COBwebRCBCONSUMER,2026-06-18,14,5,0.0,486.0,50,basal
COBwebRCBCONSUMER,2026-06-18,15,5,0.0,486.0,50,basal
COBwebRCBCONSUMER,2026-06-18,16,5,0.0,486.0,50,basal
COBwebRCBCONSUMER,2026-06-18,17,5,0.0,486.0,50,basal
COBwebRCBCONSUMER,2026-06-18,18,5,0.0,486.0,50,basal
COBwebRCBCONSUMER,2026-06-18,19,5,309.16,795.16,50,basal
COBwebRCBCONSUMER,2026-06-19,8,6,0.0,0.0,51,basal
COBwebRCBCONSUMER,2026-06-19,9,6,665.81,665.81,51,basal
COBwebRCBCONSUMER,2026-06-19,10,6,0.0,665.81,51,basal
COBwebRCBCONSUMER,2026-06-19,11,6,0.0,665.81,51,basal
COBwebRCBCONSUMER,2026-06-19,12,6,0.0,665.81,51,basal
COBwebRCBCONSUMER,2026-06-19,13,6,0.0,665.81,51,basal
COBwebRCBCONSUMER,2026-06-19,14,6,0.0,665.81,51,basal
COBwebRCBCONSUMER,2026-06-19,15,6,1000.0,1665.81,51,basal
COBwebRCBCONSUMER,2026-06-19,16,6,203.99,1869.8,51,basal
COBwebRCBCONSUMER,2026-06-19,17,6,53.82,1923.62,51,basal
COBwebRCBCONSUMER,2026-06-19,18,6,0.0,1923.62,51,basal
COBwebRCBCONSUMER,2026-06-19,19,6,0.0,1923.62,51,basal
COBwebRCBCONSUMER,2026-06-22,8,2,0.0,0.0,54,basal
COBwebRCBCONSUMER,2026-06-22,9,2,0.0,0.0,54,basal
COBwebRCBCONSUMER,2026-06-22,10,2,0.0,0.0,54,basal
COBwebRCBCONSUMER,2026-06-22,11,2,0.0,0.0,54,basal
COBwebRCBCONSUMER,2026-06-22,12,2,0.0,0.0,54,basal
COBwebRCBCONSUMER,2026-06-22,13,2,0.0,0.0,54,basal
COBwebRCBCONSUMER,2026-06-22,14,2,0.0,0.0,54,basal
COBwebRCBCONSUMER,2026-06-22,15,2,127.94,127.94,54,basal
COBwebRCBCONSUMER,2026-06-22,16,2,614.56,742.5,54,basal
COBwebRCBCONSUMER,2026-06-22,17,2,100.0,842.5,54,basal
COBwebRCBCONSUMER,2026-06-22,18,2,192.73,1035.23,54,basal
COBwebRCBCONSUMER,2026-06-22,19,2,0.0,1035.23,54,basal
COBwebRCBCONSUMER,2026-06-23,8,3,0.0,0.0,55,basal
COBwebRCBCONSUMER,2026-06-23,9,3,199.98,199.98,55,basal
COBwebRCBCONSUMER,2026-06-23,10,3,75.23,275.21,55,basal
COBwebRCBCONSUMER,2026-06-23,11,3,0.0,275.21,55,basal
COBwebRCBCONSUMER,2026-06-23,12,3,0.0,275.21,55,basal
COBwebRCBCONSUMER,2026-06-23,13,3,0.0,275.21,55,basal
COBwebRCBCONSUMER,2026-06-23,14,3,0.0,275.21,55,basal
COBwebRCBCONSUMER,2026-06-23,15,3,165.2,440.41,55,basal
COBwebRCBCONSUMER,2026-06-23,16,3,184.58,624.99,55,basal
COBwebRCBCONSUMER,2026-06-23,17,3,132.98,757.97,55,basal
COBwebRCBCONSUMER,2026-06-23,18,3,0.0,757.97,55,basal
COBwebRCBCONSUMER,2026-06-23,19,3,0.0,757.97,55,basal
COBwebRCBCONSUMER,2026-06-24,8,4,0.0,0.0,56,basal
COBwebRCBCONSUMER,2026-06-24,9,4,0.0,0.0,56,basal
COBwebRCBCONSUMER,2026-06-24,10,4,0.0,0.0,56,basal
COBwebRCBCONSUMER,2026-06-24,11,4,0.0,0.0,56,basal
COBwebRCBCONSUMER,2026-06-24,12,4,0.0,0.0,56,basal
COBwebRCBCONSUMER,2026-06-24,13,4,0.0,0.0,56,basal
COBwebRCBCONSUMER,2026-06-24,14,4,326.71,326.71,56,basal
COBwebRCBCONSUMER,2026-06-24,15,4,0.0,326.71,56,basal
COBwebRCBCONSUMER,2026-06-24,16,4,607.36,934.07,56,basal
COBwebRCBCONSUMER,2026-06-24,17,4,0.0,934.07,56,basal
COBwebRCBCONSUMER,2026-06-24,18,4,0.0,934.07,56,basal
COBwebRCBCONSUMER,2026-06-24,19,4,0.0,934.07,56,basal
COBwebRCBCONSUMER,2026-06-25,8,5,0.0,0.0,57,basal
COBwebRCBCONSUMER,2026-06-25,9,5,0.0,0.0,57,basal
COBwebRCBCONSUMER,2026-06-25,10,5,0.0,0.0,57,basal
COBwebRCBCONSUMER,2026-06-25,11,5,0.0,0.0,57,basal
COBwebRCBCONSUMER,2026-06-25,12,5,0.0,0.0,57,basal
COBwebRCBCONSUMER,2026-06-25,13,5,0.0,0.0,57,basal
COBwebRCBCONSUMER,2026-06-25,14,5,418.36,418.36,57,basal
COBwebRCBCONSUMER,2026-06-25,15,5,0.0,418.36,57,basal
COBwebRCBCONSUMER,2026-06-25,16,5,0.0,418.36,57,basal
COBwebRCBCONSUMER,2026-06-25,17,5,449.08,867.44,57,basal
COBwebRCBCONSUMER,2026-06-25,18,5,245.57,1113.01,57,basal
COBwebRCBCONSUMER,2026-06-25,19,5,128.46,1241.47,57,basal
COBwebRCBCONSUMER,2026-06-26,8,6,352.03,352.03,58,basal
COBwebRCBCONSUMER,2026-06-26,9,6,257.46,609.49,58,basal
COBwebRCBCONSUMER,2026-06-26,10,6,0.0,609.49,58,basal
COBwebRCBCONSUMER,2026-06-26,11,6,0.0,609.49,58,basal
COBwebRCBCONSUMER,2026-06-26,12,6,0.0,609.49,58,basal
COBwebRCBCONSUMER,2026-06-26,13,6,193.54,803.03,58,basal
COBwebRCBCONSUMER,2026-06-26,14,6,300.0,1103.03,58,basal
COBwebRCBCONSUMER,2026-06-26,15,6,0.0,1103.03,58,basal
COBwebRCBCONSUMER,2026-06-26,16,6,0.0,1103.03,58,basal
COBwebRCBCONSUMER,2026-06-26,17,6,0.0,1103.03,58,basal
COBwebRCBCONSUMER,2026-06-26,18,6,0.0,1103.03,58,basal
COBwebRCBCONSUMER,2026-06-26,19,6,0.0,1103.03,58,basal
COBwebRCBCONSUMER,2026-06-29,8,2,0.0,0.0,61,basal
COBwebRCBCONSUMER,2026-06-29,9,2,1220.32,1220.32,61,basal
COBwebRCBCONSUMER,2026-06-29,10,2,653.55,1873.87,61,basal
COBwebRCBCONSUMER,2026-06-29,11,2,87.66,1961.53,61,basal
COBwebRCBCONSUMER,2026-06-29,12,2,1580.01,3541.54,61,basal
COBwebRCBCONSUMER,2026-06-29,13,2,195.8,3737.34,61,basal
COBwebRCBCONSUMER,2026-06-29,14,2,0.0,3737.34,61,basal
COBwebRCBCONSUMER,2026-06-29,15,2,103.0,3840.34,61,basal
COBwebRCBCONSUMER,2026-06-29,16,2,0.0,3840.34,61,basal
COBwebRCBCONSUMER,2026-06-29,17,2,0.0,3840.34,61,basal
COBwebRCBCONSUMER,2026-06-29,18,2,0.0,3840.34,61,basal
COBwebRCBCONSUMER,2026-06-29,19,2,0.0,3840.34,61,basal
COBwebRCBCONSUMER,2026-06-30,8,3,1472.27,1472.27,62,basal
COBwebRCBCONSUMER,2026-06-30,9,3,0.0,1472.27,62,basal
COBwebRCBCONSUMER,2026-06-30,10,3,234.41,1706.68,62,basal
COBwebRCBCONSUMER,2026-06-30,11,3,0.0,1706.68,62,basal
COBwebRCBCONSUMER,2026-06-30,12,3,0.0,1706.68,62,basal
COBwebRCBCONSUMER,2026-06-30,13,3,286.45,1993.13,62,basal
COBwebRCBCONSUMER,2026-06-30,14,3,0.0,1993.13,62,basal
COBwebRCBCONSUMER,2026-06-30,15,3,0.0,1993.13,62,basal
COBwebRCBCONSUMER,2026-06-30,16,3,0.0,1993.13,62,basal
COBwebRCBCONSUMER,2026-06-30,17,3,0.0,1993.13,62,basal
COBwebRCBCONSUMER,2026-06-30,18,3,0.0,1993.13,62,basal
COBwebRCBCONSUMER,2026-06-30,19,3,0.0,1993.13,62,basal
COBwebRCBCONSUMER,2026-07-01,8,4,60.0,60.0,63,basal
COBwebRCBCONSUMER,2026-07-01,9,4,0.0,60.0,63,basal
COBwebRCBCONSUMER,2026-07-01,10,4,0.0,60.0,63,basal
COBwebRCBCONSUMER,2026-07-01,11,4,0.0,60.0,63,basal
COBwebRCBCONSUMER,2026-07-01,12,4,0.0,60.0,63,basal
COBwebRCBCONSUMER,2026-07-01,13,4,0.0,60.0,63,basal
COBwebRCBCONSUMER,2026-07-01,14,4,563.29,623.29,63,basal
COBwebRCBCONSUMER,2026-07-01,15,4,121.85,745.14,63,basal
COBwebRCBCONSUMER,2026-07-01,16,4,0.0,745.14,63,basal
COBwebRCBCONSUMER,2026-07-01,17,4,0.0,745.14,63,basal
COBwebRCBCONSUMER,2026-07-01,18,4,0.0,745.14,63,basal
COBwebRCBCONSUMER,2026-07-01,19,4,0.0,745.14,63,basal
COBwebRCBCONSUMER,2026-07-02,8,5,1914.11,1914.11,64,basal
COBwebRCBCONSUMER,2026-07-02,9,5,0.0,1914.11,64,basal
COBwebRCBCONSUMER,2026-07-02,10,5,0.0,1914.11,64,basal
COBwebRCBCONSUMER,2026-07-02,11,5,471.1,2385.21,64,basal
COBwebRCBCONSUMER,2026-07-02,12,5,0.0,2385.21,64,basal
COBwebRCBCONSUMER,2026-07-02,13,5,0.0,2385.21,64,basal
COBwebRCBCONSUMER,2026-07-02,14,5,308.07,2693.28,64,basal
COBwebRCBCONSUMER,2026-07-02,15,5,1007.73,3701.01,64,basal
COBwebRCBCONSUMER,2026-07-02,16,5,0.0,3701.01,64,basal
COBwebRCBCONSUMER,2026-07-02,17,5,200.0,3901.01,64,basal
COBwebRCBCONSUMER,2026-07-02,18,5,0.0,3901.01,64,basal
COBwebRCBCONSUMER,2026-07-02,19,5,0.0,3901.01,64,basal
COBwebRCBCONSUMER,2026-07-03,8,6,0.0,0.0,65,basal
COBwebRCBCONSUMER,2026-07-03,9,6,0.0,0.0,65,basal
COBwebRCBCONSUMER,2026-07-03,10,6,0.0,0.0,65,basal
COBwebRCBCONSUMER,2026-07-03,11,6,0.0,0.0,65,basal
COBwebRCBCONSUMER,2026-07-03,12,6,220.0,220.0,65,basal
COBwebRCBCONSUMER,2026-07-03,13,6,389.65,609.65,65,basal
COBwebRCBCONSUMER,2026-07-03,14,6,172.24,781.89,65,basal
COBwebRCBCONSUMER,2026-07-03,15,6,0.0,781.89,65,basal
COBwebRCBCONSUMER,2026-07-03,16,6,0.0,781.89,65,basal
COBwebRCBCONSUMER,2026-07-03,17,6,0.0,781.89,65,basal
COBwebRCBCONSUMER,2026-07-03,18,6,0.0,781.89,65,basal
COBwebRCBCONSUMER,2026-07-03,19,6,0.0,781.89,65,basal
COBwebRCBCONSUMER,2026-07-06,8,2,0.0,0.0,1,pos_batimento
COBwebRCBCONSUMER,2026-07-06,9,2,0.0,0.0,1,pos_batimento
COBwebRCBCONSUMER,2026-07-06,10,2,318.3,318.3,1,pos_batimento
COBwebRCBCONSUMER,2026-07-06,11,2,320.83,639.13,1,pos_batimento
COBwebRCBCONSUMER,2026-07-06,12,2,0.0,639.13,1,pos_batimento
COBwebRCBCONSUMER,2026-07-06,13,2,116.94,756.07,1,pos_batimento
COBwebRCBCONSUMER,2026-07-06,14,2,100.0,856.07,1,pos_batimento
COBwebRCBCONSUMER,2026-07-06,15,2,346.15,1202.22,1,pos_batimento
COBwebRCBCONSUMER,2026-07-06,16,2,0.0,1202.22,1,pos_batimento
COBwebRCBCONSUMER,2026-07-06,17,2,0.0,1202.22,1,pos_batimento
COBwebRCBCONSUMER,2026-07-06,18,2,0.0,1202.22,1,pos_batimento
COBwebRCBCONSUMER,2026-07-06,19,2,0.0,1202.22,1,pos_batimento
COBwebRCBCONSUMER,2026-07-07,8,3,0.0,0.0,2,pos_batimento
COBwebRCBCONSUMER,2026-07-07,9,3,290.83,290.83,2,pos_batimento
COBwebRCBCONSUMER,2026-07-07,10,3,60.0,350.83,2,pos_batimento
COBwebRCBCONSUMER,2026-07-07,11,3,60.0,410.83,2,pos_batimento
COBwebRCBCONSUMER,2026-07-07,12,3,0.0,410.83,2,pos_batimento
COBwebRCBCONSUMER,2026-07-07,13,3,0.0,410.83,2,pos_batimento
COBwebRCBCONSUMER,2026-07-07,14,3,0.0,410.83,2,pos_batimento
COBwebRCBCONSUMER,2026-07-07,15,3,0.0,410.83,2,pos_batimento
COBwebRCBCONSUMER,2026-07-07,16,3,291.2,702.03,2,pos_batimento
COBwebRCBCONSUMER,2026-07-07,17,3,0.0,702.03,2,pos_batimento
COBwebRCBCONSUMER,2026-07-07,18,3,0.0,702.03,2,pos_batimento
COBwebRCBCONSUMER,2026-07-07,19,3,0.0,702.03,2,pos_batimento
COBwebRCBCONSUMER,2026-07-08,8,4,286.68,286.68,0,pos_batimento
COBwebRCBCONSUMER,2026-07-08,9,4,0.0,286.68,0,pos_batimento
COBwebRCBCONSUMER,2026-07-08,10,4,0.0,286.68,0,pos_batimento
COBwebRCBCONSUMER,2026-07-08,11,4,160.55,447.23,0,pos_batimento
COBwebRCBCONSUMER,2026-07-08,12,4,0.0,447.23,0,pos_batimento
COBwebRCBCONSUMER,2026-07-08,13,4,300.04,747.27,0,pos_batimento
COBwebRCBCONSUMER,2026-07-08,14,4,0.0,747.27,0,pos_batimento
COBwebRCBCONSUMER,2026-07-08,15,4,263.0,1010.27,0,pos_batimento
COBwebRCBCONSUMER,2026-07-08,16,4,162.5,1172.77,0,pos_batimento
COBwebRCBCONSUMER,2026-07-08,17,4,0.0,1172.77,0,pos_batimento
COBwebRCBCONSUMER,2026-07-08,18,4,0.0,1172.77,0,pos_batimento
COBwebRCBCONSUMER,2026-07-08,19,4,0.0,1172.77,0,pos_batimento
COBwebRCBCONSUMER,2026-07-09,8,5,0.0,0.0,1,pos_batimento
COBwebRCBCONSUMER,2026-07-09,9,5,0.0,0.0,1,pos_batimento
COBwebRCBCONSUMER,2026-07-09,10,5,0.0,0.0,1,pos_batimento
COBwebRCBCONSUMER,2026-07-09,11,5,0.0,0.0,1,pos_batimento
COBwebRCBCONSUMER,2026-07-09,12,5,0.0,0.0,1,pos_batimento
COBwebRCBCONSUMER,2026-07-09,13,5,60.0,60.0,1,pos_batimento
COBwebRCBCONSUMER,2026-07-09,14,5,150.38,210.38,1,pos_batimento
COBwebRCBCONSUMER,2026-07-09,15,5,250.0,460.38,1,pos_batimento
COBwebRCBCONSUMER,2026-07-09,16,5,0.0,460.38,1,pos_batimento
COBwebRCBCONSUMER,2026-07-09,17,5,0.0,460.38,1,pos_batimento
COBwebRCBCONSUMER,2026-07-09,18,5,0.0,460.38,1,pos_batimento
COBwebRCBCONSUMER,2026-07-09,19,5,0.0,460.38,1,pos_batimento
